First Name,Last Name,Email Address,Opt-In Date and Time
Pamela,Williams,pwilliams@munsch.com,Wed Oct 26 2011 / 09:20AM
Debra,Cross,dcross@houstonisd.org,Wed Oct 26 2011 / 09:36AM
Stephanie,Alvarez,svalvarez3@yahoo.com,Wed Oct 26 2011 / 10:15AM
Katie,Kattner,katiekattner@gmail.com,Wed Oct 26 2011 / 10:20AM
Deepi,Sidhu,deepi.k.sidhu@gmail.com,Wed Oct 26 2011 / 10:51AM
Cathie,Bach,cathiebach@sbcglobal.net,Wed Oct 26 2011 / 10:57AM
Samantha,Ferraro,speedytrixie@yahoo.com,Wed Oct 26 2011 / 11:00AM
Jennifer,Johnson,jdsjohn2@aol.com,Wed Oct 26 2011 / 11:07AM
Jennifer,Wisemore,jenniferwisemore@yahoo.com,Wed Oct 26 2011 / 11:10AM
Megan,Wetterauer,megan_wetterauer@oxy.com,Wed Oct 26 2011 / 11:34AM
Coral,Perez,coralenid@gmail.com,Wed Oct 26 2011 / 11:45AM
Lisa ,Day,lisad@hexter-fair.com,Wed Oct 26 2011 / 11:46AM
odalis ,polanco,opolanco@wm.com,Wed Oct 26 2011 / 11:47AM
Janice ,Baker,jbaker@mdanderson.org,Wed Oct 26 2011 / 12:04PM
Susan,Haywood,shaywood@rfblaw.net,Wed Oct 26 2011 / 12:05PM
Cynthia ,Watts,cindy1976@mail.com,Wed Oct 26 2011 / 12:20PM
Martha ,Weatherford,mar1950@yahoo.com,Wed Oct 26 2011 / 12:43PM
Twiana,Collier,twiana@sbcglobel.net,Wed Oct 26 2011 / 01:10PM
Maribeth,Milosevich,milosevich_maribeth@allergan.com,Wed Oct 26 2011 / 01:38PM
Marcy,Kwoh,mmdonaru@texaschildrens.org,Wed Oct 26 2011 / 01:50PM
Rebecca ,Vaughn,rbvaughn5@gmail.com,Wed Oct 26 2011 / 01:52PM
Reagan,Twisselmann,txtwiss@yahoo.com,Wed Oct 26 2011 / 02:08PM
Sapandeet,singh,sksingh@arshclinic.com,Wed Oct 26 2011 / 02:20PM
Tonya,Riner,tonyariner@comcast.net,Wed Oct 26 2011 / 02:44PM
Melinda,Stubbs,melstubbs@gmail.com,Wed Oct 26 2011 / 02:57PM
Aidee,Person,aidee.person@gmail.com,Wed Oct 26 2011 / 03:02PM
Yaki,Bryant,yaki.b.bryant@uth.tmc.edu,Wed Oct 26 2011 / 03:02PM
Kristin,Andrade,kristin@acrtx.com,Wed Oct 26 2011 / 03:06PM
Marcia,Lima,torreslima@aol.com,Wed Oct 26 2011 / 03:06PM
Yaki,Bryant,yaki.b.bryant@uth.tmc.edu,Wed Oct 26 2011 / 03:08PM
Yaki ,Bryant,yaki.b.bryant@uth.tmc.edu,Wed Oct 26 2011 / 03:14PM
Julie,Kiersh,juliekiersh@gmail.com,Wed Oct 26 2011 / 03:15PM
Yaki ,Bryant,yaki.b.bryant@uth.tmc.edu,Wed Oct 26 2011 / 03:20PM
Sha,Battle,sbattle3@gmail.com,Wed Oct 26 2011 / 03:23PM
Yaki ,Bryant,yaki.b.bryant@uth.tmc.edu,Wed Oct 26 2011 / 03:24PM
Pamela,Detillier,pdetillier@sbcglobal.net,Wed Oct 26 2011 / 03:38PM
Yaki ,Bryant,yaki.b.bryant@uth.tmc.edu,Wed Oct 26 2011 / 03:38PM
Yaki ,Bryant,yaki.b.bryant@uth.tmc.edu,Wed Oct 26 2011 / 03:46PM
Yaki ,Bryant,yaki.b.bryant@uth.tmc.edu,Wed Oct 26 2011 / 03:55PM
Yaki ,Bryant,yaki.b.bryant@uth.tmc.edu,Wed Oct 26 2011 / 03:59PM
Yaki ,Bryant,yaki.b.bryant@uth.tmc.edu,Wed Oct 26 2011 / 04:03PM
Yaki,Bryant,yaki.b.bryant@uth.tmc.edu,Wed Oct 26 2011 / 04:06PM
Yaki ,Bryant,yaki.b.bryant@uth.tmc.edu,Wed Oct 26 2011 / 04:09PM
Yaki ,Bryant,yaki.b.bryant@uth.tmc.edu,Wed Oct 26 2011 / 04:13PM
Yaki ,Bryant,yaki.b.bryant@uth.tmc.edu,Wed Oct 26 2011 / 04:16PM
Crystal,Capell,crystal.capell@yahoo.com,Wed Oct 26 2011 / 04:20PM
Janeen,Paprocki,janeen7@gmail.com,Wed Oct 26 2011 / 04:23PM
Yaki ,Bryant,yaki.b.bryant@uth.tmc.edu,Wed Oct 26 2011 / 04:24PM
Yaki, Bryant,yaki.b.bryant@uth.tmc.edu,Wed Oct 26 2011 / 04:27PM
Brittany,Dominguez,bdominguez@winston.com,Wed Oct 26 2011 / 04:58PM
Feifan ,Sellers,feifan.yu@gmail.com,Wed Oct 26 2011 / 05:30PM
The Physicians Of Southwest , OB/GYN,yaki.b.bryant@uh.tmc.edu,Wed Oct 26 2011 / 06:00PM
Morris,Boatner,morrisboatner@yahoo.com,Wed Oct 26 2011 / 06:43PM
Anika,Gonzalez,franikamin@gmail.com,Wed Oct 26 2011 / 06:45PM
Brent,Harmon,brent4ameritex@yahoo.com,Wed Oct 26 2011 / 06:49PM
Hollie,Abraham,Runninmaniac2002@yahoo.com,Wed Oct 26 2011 / 08:49PM
ladonna,Williams,domo.williams92@yahoo.com,Wed Oct 26 2011 / 09:47PM
Yaki ,Bryant,yaki.b.bryant@uth.tmc.edu,Wed Oct 26 2011 / 10:59PM
Annie,Flanders,rflanders@msn.com,Wed Oct 26 2011 / 11:34PM
Barbara,Roberts,gbrobe@aol.com,Thu Oct 27 2011 / 08:37AM
Michelle,Pastorek,michelle.e.atkins@gmail.com,Thu Oct 27 2011 / 09:15AM
Rhonda,McKenzie,rhonda.mckenzie@comcast.net,Thu Oct 27 2011 / 09:41AM
Deanne,Bosco,dbosco@jsapc.com,Thu Oct 27 2011 / 09:54AM
Ricardo,Diaz,d_ricardo87@hotmail.com,Thu Oct 27 2011 / 09:57AM
Shelly,Price,dwallner@targaresources.com,Thu Oct 27 2011 / 10:00AM
Antonio ,Toliver,tonytoliver@sbcglobal.net,Thu Oct 27 2011 / 10:06AM
Betty,Brzovskis,bbrzovskis@mmihouston.com,Thu Oct 27 2011 / 10:06AM
Diane,Frels,dlfrels@yahoo.com,Thu Oct 27 2011 / 10:09AM
Maria,Twachtman,mftwachtman@hotmail.com,Thu Oct 27 2011 / 10:33AM
Paul,Hamilton,dacat582@yahoo.com,Thu Oct 27 2011 / 10:46AM
Vickie,Nolan,vanolan@att.net,Thu Oct 27 2011 / 10:57AM
Christina,Hinojosa,chrishin77@hotmail.com,Thu Oct 27 2011 / 11:06AM
Megan,Graf,arcadincares@gmail.com,Thu Oct 27 2011 / 11:15AM
Kamica,Hampton,kamica.hampton@yahoo.com,Thu Oct 27 2011 / 11:16AM
Solvi,Rojas,solvi.rojas@hok.com,Thu Oct 27 2011 / 11:34AM
Jennifer,Gillespie,jagillespie@gmail.com,Thu Oct 27 2011 / 11:48AM
Tina,Schaible,tschaible@mac.com,Thu Oct 27 2011 / 12:25PM
Marisol,Aguilera,marisol.adb@gmail.com,Thu Oct 27 2011 / 12:25PM
Tiffany,Allen,tallen2367@yahoo.com,Thu Oct 27 2011 / 12:31PM
Deema,Simaan,dsimaan@gmail.com,Thu Oct 27 2011 / 12:36PM
Samantha,Kitterman,skitterman@amspecllc.com,Thu Oct 27 2011 / 12:42PM
Mario,Campos,mariocampos05@yahoo.com,Thu Oct 27 2011 / 01:08PM
Stacy,Medve,srmedve@hotmail.com,Thu Oct 27 2011 / 01:16PM
Natalie,Ferguson,nattym07@yahoo.com,Thu Oct 27 2011 / 01:16PM
Tracy,Deans,tracy4912@gmail.com,Thu Oct 27 2011 / 01:16PM
Michelle,Ge,granitegrey27@gmail.com,Thu Oct 27 2011 / 01:18PM
Sheena ,Binkley,sheena_binkley@msn.com,Thu Oct 27 2011 / 01:35PM
Melissa,Petruzzi,melissa_burley@hotmail.com,Thu Oct 27 2011 / 01:51PM
Rose ,Contello,roseann.contello@cadencebank.com,Thu Oct 27 2011 / 02:10PM
Kara,Stewart,kara.bryla@gmail.com,Thu Oct 27 2011 / 02:26PM
Linda,Elder,Lde95@hotmail.com,Thu Oct 27 2011 / 02:33PM
Jaime,Ball,jaime@hamiltonshirts.com,Thu Oct 27 2011 / 02:55PM
Melinda,Stubbs,melstubbs@gmail.com,Thu Oct 27 2011 / 03:15PM
Aparna,Mikkilineni,aparna72@yahoo.com,Thu Oct 27 2011 / 03:34PM
Patricia,OLiver,Patricia.a.oliver@exxonmobil.com,Thu Oct 27 2011 / 03:42PM
Candace,Hurst,candace@c-mmarketing.com,Thu Oct 27 2011 / 03:47PM
Kieth,Ellison,4ktellison@att.net,Thu Oct 27 2011 / 03:49PM
Susie,Cone,susie.cone@me.com,Thu Oct 27 2011 / 04:18PM
Martha,Dunkelberger,mjdunkphd@gmail.com,Thu Oct 27 2011 / 04:21PM
Suzanee,Jones,suzanee.jones@bp.com,Thu Oct 27 2011 / 04:27PM
Barbara,Davis,bdavis@heatherb.com,Thu Oct 27 2011 / 04:32PM
Darcie,Vlahos,darcievlahos@gmail.com,Thu Oct 27 2011 / 04:36PM
Blair,Heiligbrodt,blairferguson@yahoo.com,Thu Oct 27 2011 / 04:55PM
Laura,Carrasco,laura.carrasco87@gmail.com,Thu Oct 27 2011 / 04:55PM
Franne,Stewart,frannenstewart@gmail.com,Thu Oct 27 2011 / 04:55PM
Janet,Austin,jdaustin@texaschildrens.org,Thu Oct 27 2011 / 04:57PM
Joe ,Sutton ,wpollinger@suttonventures.com,Thu Oct 27 2011 / 05:03PM
Silvia,sZYMCZYK,silvia.szymczyk@bp.com,Thu Oct 27 2011 / 05:18PM
Michele,Dehmer,bordeaux@fingercompanies.com,Thu Oct 27 2011 / 05:27PM
Susan,Kinkaid,skinkaid@firstam.com,Thu Oct 27 2011 / 05:41PM
Kusam,Kukreja,kukreja3@sbcglobal.net,Thu Oct 27 2011 / 05:45PM
Victoria,Donnelly,sdonnenny@hotmail.com,Thu Oct 27 2011 / 06:04PM
Robin,Goldstein,Robinrgoldstein@gmail.com,Thu Oct 27 2011 / 06:14PM
Terry,Gage,molly.gage@gmail.com,Thu Oct 27 2011 / 07:35PM
Giselle,Ortiz,gortiz415@gmail.com,Thu Oct 27 2011 / 07:40PM
Lisa,Kroon,lisakroon@sbcglobal.net,Thu Oct 27 2011 / 08:49PM
Yaki ,Bryant,yaki.b.bryant@uth.tmc.edu,Thu Oct 27 2011 / 10:38PM
Yaki ,Bryant,yaki.b.bryant@uth.tmc.edu,Thu Oct 27 2011 / 10:45PM
yaki ,Bryant,yaki.b.bryant@uth.tmc.edu,Thu Oct 27 2011 / 10:51PM
Yaki ,Bryant,yaki.b.bryant@uth.tmc.edu,Thu Oct 27 2011 / 10:56PM
Yaki ,Bryant,yaki.b.bryant@uth.tmc.edu,Thu Oct 27 2011 / 11:01PM
Yaki,Bryant,yaki.b.bryant@uth.tmc.edu,Thu Oct 27 2011 / 11:09PM
Yaki,Bryant,yaki.b.bryant@uth.tmc.edu,Thu Oct 27 2011 / 11:16PM
Yaki,Bryant,yaki.b.bryant@uth.tmc.edu,Thu Oct 27 2011 / 11:23PM
Yaki,Bryant,yaki.b.bryant@uth.tmc.edu,Thu Oct 27 2011 / 11:30PM
Yaki,Bryant,yaki.b.bryant@uth.tmc.edu,Thu Oct 27 2011 / 11:35PM
Yaki,Bryant,yaki.b.bryant@uth.tmc.edu,Thu Oct 27 2011 / 11:40PM
Yaki,Bryant,yaki.b.bryant@uth.tmc.edu,Thu Oct 27 2011 / 11:45PM
Yaki,Bryant,yaki.b.bryant@uth.tmc.edu,Thu Oct 27 2011 / 11:49PM
Yaki,Bryant,yaki.b.bryant@uth.tmc.edu,Thu Oct 27 2011 / 11:56PM
Yaki,Bryant,yaki.b.bryant@uth.tmc.edu,Fri Oct 28 2011 / 12:05AM
Yaki,Bryant,yaki.b.bryant@uth.tmc.edu,Fri Oct 28 2011 / 12:10AM
Yaki,Bryant,yaki.b.bryant@uth.tmc.edu,Fri Oct 28 2011 / 12:16AM
Yaki,Bryant,yaki.b.bryant@uth.tmc.edu,Fri Oct 28 2011 / 12:30AM
Tiffany,Webster,mstif23@yahoo.com,Fri Oct 28 2011 / 09:42AM
Renee,Klimczak,renee.klimczak@sbcglobal.net,Fri Oct 28 2011 / 09:59AM
Damisha ,Bonds,damisha.bonds@yahoo.com,Fri Oct 28 2011 / 10:09AM
Diane,Sanchez,dsanchez1@slb.com,Fri Oct 28 2011 / 10:31AM
Ro,King,rodacutta@gmail.com,Fri Oct 28 2011 / 10:55AM
Martha,Baxter,mbaxter@freedad.com,Fri Oct 28 2011 / 11:36AM
Angie,Sterry,angie.sterry@transwestern.net,Fri Oct 28 2011 / 11:44AM
Elizabeth,Saenz,lizmsaenz@gmail.com,Fri Oct 28 2011 / 11:53AM
Margie,Davison,mdavison@lockton.com,Fri Oct 28 2011 / 11:59AM
Charlotte,Foutz,charlottefoutz@msn.com,Fri Oct 28 2011 / 12:36PM
Yaki,Bryant,yaki.b.bryant@uth.tmc.edu,Fri Oct 28 2011 / 01:28PM
Melissa,Vu,mjvu@aol.com,Fri Oct 28 2011 / 01:30PM
Yaki,Bryant,yaki.b.bryant@uth.tmc.edu,Fri Oct 28 2011 / 01:31PM
Yaki,Bryant,yaki.b.bryant@uth.tmc.edu,Fri Oct 28 2011 / 01:37PM
Yaki ,Bryant,yaki.b.bryant@uth.tmc.edu,Fri Oct 28 2011 / 01:41PM
Yaki,Bryant,yaki.b.bryant@uth.tmc.edu,Fri Oct 28 2011 / 01:45PM
Yaki,Bryant,yaki.b.bryant@uth.tmc.edu,Fri Oct 28 2011 / 01:51PM
sharon,bryson,sharon_bryson@reyrey.com,Fri Oct 28 2011 / 02:05PM
Sandra,Walton,wandraeckford@yahoo.com,Fri Oct 28 2011 / 02:08PM
Yaki,Bryant,yaki.b.bryant@uth.tmc.edu,Fri Oct 28 2011 / 02:18PM
Yaki ,Bryant,yaki.b.bryant@uth.tmc.edu,Fri Oct 28 2011 / 02:22PM
Gregory,Porter,gporter466@aol.com,Fri Oct 28 2011 / 02:27PM
Yaki ,Bryant,yaki.b.bryant@uth.tmc.edu,Fri Oct 28 2011 / 02:30PM
Yaki ,Bryant,yaki.b.bryant@uth.tmc.edu,Fri Oct 28 2011 / 02:33PM
Yaki,Bryant,yaki.b.bryant@uth.tmc.edu,Fri Oct 28 2011 / 02:39PM
Jennifer,Flores,jennifermarieflores@hotmail.com,Fri Oct 28 2011 / 02:42PM
Yaki,Bryant,yaki.b.bryant@uth.tmc.edu,Fri Oct 28 2011 / 02:45PM
Yaki,Bryant,yaki.b.bryant@uth.tmc.com,Fri Oct 28 2011 / 02:53PM
Yaki,Bryant,yaki.b.bryant@uth.tmc.edu,Fri Oct 28 2011 / 02:56PM
Yaki ,Bryant,yaki.b.bryant@uth.tmc.edu,Fri Oct 28 2011 / 02:59PM
Larain,Nunez,lorraine_nunez@glamore.com,Fri Oct 28 2011 / 03:03PM
Michelle ,Wilkes,michelle.wilkes@servicelinkfnf.com,Fri Oct 28 2011 / 03:17PM
Hattie,Parker,hattieparker@hotmail.com,Fri Oct 28 2011 / 03:19PM
Cindy,Petratis,cindy.petratis@comcast.net,Fri Oct 28 2011 / 03:23PM
Tish,Hartsel,hartsel2@yahoo.com,Fri Oct 28 2011 / 03:35PM
Allison,Marek,allisonmarek@gmail.com,Fri Oct 28 2011 / 03:42PM
Penny,Barry,barryp@bp.com,Fri Oct 28 2011 / 03:45PM
Patty ,Porter,porterbp@aol.com,Fri Oct 28 2011 / 03:47PM
marissa,Greer,trangv304@yahoo.com,Fri Oct 28 2011 / 04:02PM
Joanna,Stokes-Walker,jstokes1026@aol.com,Fri Oct 28 2011 / 05:04PM
Kelly,Bailey,kellybailey@swbell.net,Fri Oct 28 2011 / 05:39PM
Jay,Brandin,the.edit@gmail.com,Fri Oct 28 2011 / 06:28PM
Dina,Mireles,dina.mireles@lw.com,Fri Oct 28 2011 / 06:31PM
Betty,Skelton,bettyskelton@gmail.com,Fri Oct 28 2011 / 07:20PM
Linda,Price,l.m.price@att.net,Fri Oct 28 2011 / 10:41PM
Diana,Dickey,dianamarie1983@comcast.net,Sat Oct 29 2011 / 12:20PM
Stephanie,Tieu,stephi072@yahoo.com,Sat Oct 29 2011 / 01:04PM
Argentina,Vasquez,argentina.vasquez@gmail.com,Sat Oct 29 2011 / 02:00PM
Michelle,Mann,michellemann06@gmail.com,Sat Oct 29 2011 / 02:32PM
Eleanor,Seline,ebseline@mac.com,Sat Oct 29 2011 / 02:33PM
Elnar,Koseoglu,elnar.koseoglu@gmail.com,Sat Oct 29 2011 / 03:23PM
Farley,Erikson,fherikson@yahoo.com,Sat Oct 29 2011 / 04:57PM
Gustavo,Garza,gustavogarza@gmail.com,Sat Oct 29 2011 / 05:55PM
Alexandria,Connor,alexandria.connor@yahoo.com,Sat Oct 29 2011 / 06:03PM
Karen,Sanders,sand416@sbcglobal.net,Sat Oct 29 2011 / 09:22PM
Karen,Sanders,sand416@sbcglobal.net,Sat Oct 29 2011 / 09:27PM
Jevon,Tillman,jtillman13@yahoo.com,Sun Oct 30 2011 / 03:04AM
Erin,Depew,erin.depew@gmail.com,Sun Oct 30 2011 / 12:54PM
L. Andersen,Phan,andersen.phan@gmail.com,Sun Oct 30 2011 / 01:13PM
Lonsuelo,Fernandez,cokyrph@yahoo.com,Sun Oct 30 2011 / 02:41PM
Jane ,Hearn,jshearn1026@hotmail.com,Sun Oct 30 2011 / 06:17PM
Agnes,Williams,Destin2007@yahoo.com,Sun Oct 30 2011 / 07:33PM
Silas,Green,silasgreen3@hotmail.com,Mon Oct 31 2011 / 02:34AM
Wendi ,Jones,wajones@mdanderson.org,Mon Oct 31 2011 / 02:55AM
Kristen,Harrison,Kristen.r.harrison@exxonmobil.com,Mon Oct 31 2011 / 09:06AM
Vibeke,Vadstein,vibeke.vadstein@brookfieldgrs.com,Mon Oct 31 2011 / 09:56AM
Yesely,Labrador,yessilabrador@gmail.com,Mon Oct 31 2011 / 10:59AM
Rodney,Washington,rodneywashington@hotmail.com,Mon Oct 31 2011 / 11:15AM
Elaine,Eichelberger,eeichelberger@st-agnes.org,Mon Oct 31 2011 / 11:21AM
Penny,Loyd,amanda@loydhouse.com,Mon Oct 31 2011 / 11:24AM
Jarrett,Shipman,jarrett.shipman@gmail.com,Mon Oct 31 2011 / 11:51AM
Joanne,Cortez,joanne.cortez@shell.com,Mon Oct 31 2011 / 12:06PM
Cynthia,Haycraft,cottonclubinc@comcast.net,Mon Oct 31 2011 / 12:13PM
Leah,Rea,leahdue@yahoo.com,Mon Oct 31 2011 / 12:15PM
Sonal,Mehta,sonalm07@gmail.com,Mon Oct 31 2011 / 12:18PM
Lisa,Macias,lisamacias70@yahoo.com,Mon Oct 31 2011 / 12:54PM
Corina,Westfahl,corinawestfahl@hotmail.com,Mon Oct 31 2011 / 01:47PM
Elizabeth ,Jacobo,liz122186@sbcglobal.net,Mon Oct 31 2011 / 02:02PM
Carissa,Dib,dib@avistacap.com,Mon Oct 31 2011 / 02:19PM
Rachel,McComb,rachel@dejeanco.com,Mon Oct 31 2011 / 02:51PM
Kristin ,De Aldecoa ,kee1978@sbcglobal.net,Mon Oct 31 2011 / 03:01PM
Stacey,Petruszka,stacey_petruszka@tescocorp.com,Mon Oct 31 2011 / 03:59PM
Leanne,Searcey,lsearcey@tateswood.com,Mon Oct 31 2011 / 04:27PM
Gretchel,Ivory,gretcheld@yahoo.com,Mon Oct 31 2011 / 05:04PM
Luba ,Wherry,wherryluba@yahoo.com,Mon Oct 31 2011 / 05:12PM
Amanda,Doughtry ,hilkirner@aol.com,Mon Oct 31 2011 / 05:35PM
Maribeth,Milosevich,milosevich_maribeth@allergan.com,Mon Oct 31 2011 / 06:03PM
Beth, Schmidt,bethschmidt@deloitte.com,Mon Oct 31 2011 / 06:22PM
Tracey,Marsh,marshtracey@ymail.com,Mon Oct 31 2011 / 10:24PM
Tracey,Marsh,marshtracey@ymail.com,Mon Oct 31 2011 / 10:27PM
Jaime,Quintanilla,jayden1210@live.com,Mon Oct 31 2011 / 11:26PM
Ken,Sperling,kisperling@gmail.com,Tue Nov 1 2011 / 09:21AM
Kim,Avocato,kavocato@comcast.net,Tue Nov 1 2011 / 10:20AM
Lori,Figaro,lfigaro@woodlandscenter.org,Tue Nov 1 2011 / 10:34AM
Dick ,Carden,dick.carden@gmail.com,Tue Nov 1 2011 / 10:59AM
Karen,Valdez,karen@valdezfamily.com,Tue Nov 1 2011 / 11:07AM
Mia,Cleveland,mcleveland@cbi.com,Tue Nov 1 2011 / 11:25AM
Ilse ,Bekker,ilse.bekker@shell.com,Tue Nov 1 2011 / 11:29AM
Nicky,Patriarca,npatriarca@astros.com,Tue Nov 1 2011 / 11:35AM
Catherine,Campbell,catherin.campbell@qrigroup.com,Tue Nov 1 2011 / 11:46AM
Michael,McDonald,jluckey@eastdilsecured.com,Tue Nov 1 2011 / 11:49AM
Becky,Barreda,beckybear02@yahoo.com,Tue Nov 1 2011 / 11:59AM
Kami,Miller,kamille.miller@wcrx.com,Tue Nov 1 2011 / 12:04PM
Laura,Haynes,Laura_Haynes@ml.com,Tue Nov 1 2011 / 12:11PM
Tanya,Dominquez,tanya.dominquez@rice.edu,Tue Nov 1 2011 / 12:28PM
Danish,Crear,dkourt@yahoo.com,Tue Nov 1 2011 / 12:40PM
Jamie,Reesby,jamier@tradefairgroup.com,Tue Nov 1 2011 / 12:55PM
Ginny ,KirklIn,gkirklIn@coleman-houston.org,Tue Nov 1 2011 / 01:00PM
kristi,varndell,kristibarham@hotmail.com,Tue Nov 1 2011 / 02:50PM
Elizabeth,Schwieder,eschwieder@me.com,Tue Nov 1 2011 / 03:09PM
Diana,Dao,diana.d.dao@us.pwc.com,Tue Nov 1 2011 / 03:14PM
Jason ,Longbotham,jlongb@yahoo.com,Tue Nov 1 2011 / 03:15PM
Yunka,Young,yyoung21@hotmail.com,Tue Nov 1 2011 / 03:18PM
Jamie,Carr,jamie.carr@thedavisclinic.com,Tue Nov 1 2011 / 03:45PM
James,Henderson,jhhjr46@earthlink.net,Tue Nov 1 2011 / 03:52PM
Paige ,Nettles,p.nettles@gmail.com,Tue Nov 1 2011 / 04:04PM
Patty ,Porter,porterbp@aol.com,Tue Nov 1 2011 / 04:18PM
Chana,Traylor,ct@theppgllc.com,Tue Nov 1 2011 / 04:19PM
Paige ,Nettles,p.nettles@gmail.com,Tue Nov 1 2011 / 04:38PM
Paige ,Nettles,p.nettles@gmail.com,Tue Nov 1 2011 / 04:47PM
Julie, Brann,rbrann@mindspring.com,Tue Nov 1 2011 / 05:27PM
Melissa,Wade,mwade09peace@att.net,Tue Nov 1 2011 / 05:45PM
Angela ,McKenna,angelameckenna@mac.com,Tue Nov 1 2011 / 07:59PM
Pamela,Kuhn,pamskuhn@gmail.com,Tue Nov 1 2011 / 09:42PM
Amber,Hext,amberhext@gmail.com,Tue Nov 1 2011 / 10:29PM
Alison,Barrow,alison.b.barrow@gmail.com,Wed Nov 2 2011 / 01:54AM
Marie ,Silva ,mariesilvalcsw@sbcglobal.net,Wed Nov 2 2011 / 02:25AM
Kristina,Okwuonu,kbrown236@yahoo.com,Wed Nov 2 2011 / 09:19AM
Altheia ,Courtney,altheiaa@aol.com,Wed Nov 2 2011 / 10:29AM
Beth ,Walker,bwalker@nhlegalsearch,Wed Nov 2 2011 / 10:31AM
Kevin,Callahan,agipkevin@yahoo.com,Wed Nov 2 2011 / 10:33AM
JoAnn,Ho,chefjoho@gmail.com,Wed Nov 2 2011 / 10:35AM
Janis,Schulz,janisschulz@sbcglobal.net,Wed Nov 2 2011 / 10:36AM
Mary,Edward,edwarm@wpi.com,Wed Nov 2 2011 / 10:43AM
Kim ,Proler,kimberlyproler@aol.com,Wed Nov 2 2011 / 11:36AM
Michele,Wynot,michele.wynot@weatherford.com,Wed Nov 2 2011 / 11:37AM
Kirsten,Kemp,khkemp93@yahoo.com,Wed Nov 2 2011 / 11:41AM
Susan ,Young,sueyoung20@yahoo.com,Wed Nov 2 2011 / 12:11PM
Kristen,Mueller,kristen.mueller@subsea7.com,Wed Nov 2 2011 / 12:35PM
MIRELLA,TREVINO,MTREVINO@MDANDERSON.ORG,Wed Nov 2 2011 / 01:02PM
Shannon,Nesbit,shannonblair79@yahoo.com,Wed Nov 2 2011 / 01:33PM
Trae,Fitzgerald,trae.fitzgerald@ey.com,Wed Nov 2 2011 / 01:35PM
Crystal,Torrez,crtorrez@yaoo.com,Wed Nov 2 2011 / 01:37PM
Michelle,Ross,mross@aquamation.net,Wed Nov 2 2011 / 01:38PM
Barbraa,Metcalf,bmetcalf1957@comcast.net,Wed Nov 2 2011 / 01:46PM
Alisa,Truax,alisa_truax@yahoo.com,Wed Nov 2 2011 / 02:05PM
Amanda ,Martinez,amandamarie52@gmail.com,Wed Nov 2 2011 / 02:13PM
Suparna,Chhibber,schhibber@comcast.net,Wed Nov 2 2011 / 02:40PM
Courtney,St. Julian,st. julian08@gmial.com,Wed Nov 2 2011 / 02:44PM
Drew,Standley,drewstandley@mac.com,Wed Nov 2 2011 / 02:48PM
Lisa ,Steer,lssteer@gmail.com,Wed Nov 2 2011 / 03:09PM
Abir,Mulawwah,abir.mulawwah@gmail.com,Wed Nov 2 2011 / 03:20PM
Alyssa ,Arreola,alyssa@cravecupcakes.com,Wed Nov 2 2011 / 03:22PM
Megan ,Sands,megan.sands@shell.com,Wed Nov 2 2011 / 03:23PM
Randy ,Huffman,Randy.h.@filtermaint.com,Wed Nov 2 2011 / 04:04PM
Randy ,Huffman,randy.h@filtermaint.com,Wed Nov 2 2011 / 04:08PM
Brenda,Saradjian,vasradjain@titansnfl.com,Wed Nov 2 2011 / 04:29PM
Katherine,Tijerina,ktijerina@spectraenergy.com,Wed Nov 2 2011 / 05:12PM
Kathy,Ladner,ladnerk@earthlink.net,Wed Nov 2 2011 / 05:13PM
Emily,Clien,emily.l.clien@us.pwc.com,Wed Nov 2 2011 / 06:13PM
Kim,yates,kimyates@mindspring.com,Wed Nov 2 2011 / 06:28PM
Marcy ,Midlo,msmidlo@comcast.net,Wed Nov 2 2011 / 06:59PM
Sandra,Herrera,sandrahoustonherrera@clearchannel.com,Wed Nov 2 2011 / 07:30PM
Lauren,Sundermeier,lauren.sundermeier@gmail.com,Wed Nov 2 2011 / 07:48PM
angelika ,Mangual,angelika071@hotmail.com,Wed Nov 2 2011 / 07:48PM
bridgett,badillo,airnbk211@yahoo.com,Wed Nov 2 2011 / 07:52PM
Martha,White,White@heritagetexas.com,Wed Nov 2 2011 / 08:47PM
Karlee,Thoem,Kar22lee09@aol.com,Wed Nov 2 2011 / 09:16PM
Gina,Adap,gcadap@yahoo.com,Wed Nov 2 2011 / 09:23PM
Valerie,Boulmay,vboulmay@gmail.com,Wed Nov 2 2011 / 10:16PM
Valerie ,Burman,vburman@flash.net,Thu Nov 3 2011 / 08:49AM
Maritza,White,martiza.white@exxonmobil.com,Thu Nov 3 2011 / 09:33AM
Carissa,Dib,dib@avistacap.com,Thu Nov 3 2011 / 09:53AM
Carolyn,Graham,cgraham@bechtel.com,Thu Nov 3 2011 / 10:30AM
Carmenita,Gibson,carmenitadenay@yahoo.com,Thu Nov 3 2011 / 10:46AM
Terri,Knight,terri.knight@chevron.com,Thu Nov 3 2011 / 11:01AM
Kim,Perich,kim.perich@gmail.com,Thu Nov 3 2011 / 11:19AM
David,Hudzietz,david@brucettes.com,Thu Nov 3 2011 / 11:46AM
Erin ,Bounds,erin.cary@sbcglobal.net,Thu Nov 3 2011 / 11:50AM
Sue,Walton,sue.walton@seadrill.com,Thu Nov 3 2011 / 11:59AM
Abraham,Oommen,oommenabe@yahoo.com,Thu Nov 3 2011 / 12:05PM
Shannon,Bell,shannonlb77@hotmail.com,Thu Nov 3 2011 / 12:17PM
Sabina,Scott,sabina_scott16@hotmail.com,Thu Nov 3 2011 / 12:47PM
Kendra,Lee,klee19872002@yahoo.com,Thu Nov 3 2011 / 01:30PM
Faith,Aguiree,faith@tsu.edu,Thu Nov 3 2011 / 01:55PM
Sykethia,Le Flore,missskeeki@gmail.com,Thu Nov 3 2011 / 02:27PM
Lorena ,Perez,lperez@johnstevensonlaw.com,Thu Nov 3 2011 / 02:46PM
Ashley,Besselman,apbesselman@gmail.com,Thu Nov 3 2011 / 02:47PM
Kim ,Lee,kimlee713@yahoo.com,Thu Nov 3 2011 / 02:51PM
Anita,Thammasine,ohsoanita@gmail.com,Thu Nov 3 2011 / 03:25PM
Angela,Fernandez,angela.m.fernandez@gmail.com,Thu Nov 3 2011 / 03:29PM
cindy,Friedman,cindy@sparklecreative.com,Thu Nov 3 2011 / 04:02PM
Michele,Mays,michele.d.mays@exxonmobil.com,Thu Nov 3 2011 / 04:26PM
Haley,Hammes,hhammes1107@yahoo.com,Thu Nov 3 2011 / 04:32PM
Cassie,Gresham,cgresham@pxp.com,Thu Nov 3 2011 / 04:37PM
Shailete,Abbott,shailetea@yahoo.com,Thu Nov 3 2011 / 05:16PM
Andrea,Pola,alp.pola@gmail.com,Thu Nov 3 2011 / 05:27PM
Rasheda ,Davis,rdavis@chamberlain.edu,Thu Nov 3 2011 / 05:29PM
Misty,Kurtz,mrm426@gmail.com,Thu Nov 3 2011 / 05:51PM
Kim,Winston,kimwinston73@yahoo.com,Thu Nov 3 2011 / 06:40PM
Ellie,Francisco,ellie@fanciscoandco.com,Thu Nov 3 2011 / 06:45PM
Dale,Prasek,prasekd@gmail.com,Thu Nov 3 2011 / 07:14PM
Heidi,Black,heidiblack@sbcglobal.net,Thu Nov 3 2011 / 07:58PM
Maria,Ron,aguirre.mdc@gmail.com,Thu Nov 3 2011 / 09:53PM
Fran,Schmidt,frschmidt@aol.com,Fri Nov 4 2011 / 10:00AM
Jonatan,Kurday,jkurday@hotmail.com,Fri Nov 4 2011 / 10:13AM
Jessica,West ,jessicawest@comcast.com,Fri Nov 4 2011 / 10:24AM
Stephanie ,Mitchell,jmitchell57@comcast.net,Fri Nov 4 2011 / 10:35AM
Shanna,Walpole-Molinar,Shanna0289@aol.com,Fri Nov 4 2011 / 10:51AM
Erin,Baxter,erin.baxter@invesco.com,Fri Nov 4 2011 / 10:52AM
Jessica,Rojas,pinkjessicarojas@yahoo.com,Fri Nov 4 2011 / 11:28AM
Sandra,Alabi,sandra.alabi@yahoo.com,Fri Nov 4 2011 / 11:59AM
Romina ,Mancini,romymancini@me.com,Fri Nov 4 2011 / 12:22PM
Cheryl,Christie,cchristie23@gmail.com,Fri Nov 4 2011 / 12:42PM
Uzma,Babar,ubabar@slb.com,Fri Nov 4 2011 / 12:57PM
Thea ,Parnell,theaparnell281@hotmail.com,Fri Nov 4 2011 / 01:07PM
Stephen,Williams,willist2@gmail.com,Fri Nov 4 2011 / 01:14PM
Amanda,Martin,amanda.martin@harris.com,Fri Nov 4 2011 / 01:26PM
KERRY,BABIN,kerrymbabin@yahoo.com,Fri Nov 4 2011 / 01:38PM
Jennifer,Raggio,jenniferraggio@gmail.com,Fri Nov 4 2011 / 01:56PM
Jensen,Spitzer,jensenspitzer4990@yahoo.com,Fri Nov 4 2011 / 02:25PM
Lisa Ann,Hofmann,LAHofmann@baylorbears.com,Fri Nov 4 2011 / 02:34PM
Erika,Clayton,esayer@fenton.k12.mi.us,Fri Nov 4 2011 / 03:03PM
Arlene,Mathew,arleneannmathew@yahoo.com,Fri Nov 4 2011 / 03:13PM
Ron,Stinebaugh,ronstinetx@yahoo.com,Fri Nov 4 2011 / 03:20PM
Alma,Del Toro,deltorad@bp.com,Fri Nov 4 2011 / 03:22PM
David,Rosenthal,mareed@mdanderson.org,Fri Nov 4 2011 / 03:30PM
Mark ,Burck,jduffin@bljc-law.com,Fri Nov 4 2011 / 03:31PM
Jamie,Burns,jcoll33@yahoo.com,Fri Nov 4 2011 / 03:32PM
Donna,Bertao,cows4mee@hotmail.com,Fri Nov 4 2011 / 03:42PM
Marideth,Lebrun,mlebrun@cadencepharm.com,Fri Nov 4 2011 / 04:28PM
Jessica,Akinfenwa,jakin0306@yahoo.com,Fri Nov 4 2011 / 04:33PM
Betsy ,Schulze ,bschulze01@sbcglobal.net,Fri Nov 4 2011 / 04:47PM
Suma,Stephen,ginu@desi-gn.com,Fri Nov 4 2011 / 05:01PM
Magda,Tamez,mags0525@gmail.com,Fri Nov 4 2011 / 05:06PM
Melissa,Budoff,mrsbudoff@gmail.com,Fri Nov 4 2011 / 06:32PM
Genny,Cramer,gennycramer@gmail.com,Fri Nov 4 2011 / 06:47PM
Heather,Hagan,hls.hagan@gmail.com,Fri Nov 4 2011 / 07:16PM
Lynn,Barsky,lbarsky@earthlink.net,Fri Nov 4 2011 / 07:33PM
Jigyna,Patel,jigyna@hotmail.com,Sat Nov 5 2011 / 12:22PM
Shirley,Ellison,ellison@tamhsc.edu,Sat Nov 5 2011 / 12:48PM
Kari,Gonzales,kari.gonzales@cartier.com,Sat Nov 5 2011 / 01:00PM
Adriana,Calais-Remaker,adrianaremaker@sbcglobal.net,Sat Nov 5 2011 / 05:16PM
Jennifer,Talbert,jennifertalbert@mac.com,Sat Nov 5 2011 / 05:23PM
Courtney,Walsh,courtney.l.walsh@gmail.com,Sat Nov 5 2011 / 06:05PM
zheng,yuan,tresses@gmail.com,Sun Nov 6 2011 / 12:08PM
Julie ,Hardin,msntexas3@yahoo.com,Sun Nov 6 2011 / 04:20PM
Jael ,Williams,jael.williams68@gmail.com,Sun Nov 6 2011 / 04:25PM
Laura,Frank,laurafrank50@gmail.com,Sun Nov 6 2011 / 04:52PM
Inez,Hamilton,inezwisdom@aol.com,Sun Nov 6 2011 / 05:55PM
Ananthi,Periasamy,aperia1@me.com,Sun Nov 6 2011 / 06:31PM
Leslie,Melton,lmelton1@trinity.edu,Sun Nov 6 2011 / 10:40PM
Sue,McFarland,suemcf@aol.com,Mon Nov 7 2011 / 09:58AM
Karen,Thomas,karen.thomas@zazaenergy.com,Mon Nov 7 2011 / 10:01AM
Beth,Williams,17percent@msn.com,Mon Nov 7 2011 / 10:14AM
Laura,Talbert,lwtalbert@gmail.com,Mon Nov 7 2011 / 10:27AM
Joorang,Lee,yijooran@hotmail.com,Mon Nov 7 2011 / 11:36AM
Melissa,Curtin,melissac_2000@yahoo.com,Mon Nov 7 2011 / 12:09PM
Natalie,Broaddus,nataliesharp09@yahoo.com,Mon Nov 7 2011 / 12:18PM
Daniel,Uribe,daniel_uribe@reyrey.com,Mon Nov 7 2011 / 12:34PM
Laura,Haynes,Laura_Haynes@ml.com,Mon Nov 7 2011 / 12:45PM
Lisa,Fischer,lisa.fischer@aonhewitt.com,Mon Nov 7 2011 / 12:46PM
Priscilla,Burnett,rburn5814@aol.com,Mon Nov 7 2011 / 12:55PM
Candace,Hubert,candancehub@yahoo.com,Mon Nov 7 2011 / 01:27PM
Sheila,Roque,sheilaroque@gmail.com,Mon Nov 7 2011 / 01:30PM
Monica,Guidry,monica.k.guidry@uth.tmc.edu,Mon Nov 7 2011 / 01:35PM
Anita ,Dhir,anitagdhir@gmail.com,Mon Nov 7 2011 / 01:36PM
Erin,Brown ,erinjonesbrown@gmail.com,Mon Nov 7 2011 / 01:52PM
Jazmin,Armas,jazminarmas@yahoo.com,Mon Nov 7 2011 / 02:37PM
Meagan ,Palmer,meagangpalmer@gmail.com,Mon Nov 7 2011 / 02:38PM
Elizabeth,Pudwill,elizabeth.pudwill@chron.com,Mon Nov 7 2011 / 03:18PM
Lindsey,Leverett,lindseyleverett10@gmail.com,Mon Nov 7 2011 / 03:42PM
Justin,Arnoldi,jarnoldi@merit.com,Mon Nov 7 2011 / 05:10PM
Jennifer,Grosse,shsujenn@gmail.com,Mon Nov 7 2011 / 06:22PM
Diana,Panis,dfpanis@gmail.com,Mon Nov 7 2011 / 06:33PM
Rachi ,Israni,rachi_i@hotmail.com,Mon Nov 7 2011 / 06:42PM
Robin,Masters,robin1124@gmail.com,Mon Nov 7 2011 / 06:45PM
Melissa ,Rabalasis,melissa.rabalais@yahoo.com,Mon Nov 7 2011 / 07:07PM
Diana,Johnson,dianacjohnson@att.net,Mon Nov 7 2011 / 11:47PM
Chau ,Nguyen,jchau624@yahoo.com,Tue Nov 8 2011 / 04:25AM
Sarah,Waugh,swxa@chevron.com,Tue Nov 8 2011 / 09:21AM
Candace,Freeman,canfreeman@yahoo.com,Tue Nov 8 2011 / 09:30AM
Hilda,Marcel,hilda.marcel@shell.com,Tue Nov 8 2011 / 10:02AM
Rashad,Washington,rashad.w@gmail.com,Tue Nov 8 2011 / 10:06AM
Paula,Robinson,phrmx@suddenlink.net,Tue Nov 8 2011 / 10:20AM
Amy,Brignac,ami.brignac@centerpointenergy.com,Tue Nov 8 2011 / 10:34AM
Kim,Strange,kmstrange@comcast.net,Tue Nov 8 2011 / 10:46AM
Pam,Carmain,pcarmain@comcast.net,Tue Nov 8 2011 / 10:56AM
Marilyn,Winters,mmwinters@comcast.net,Tue Nov 8 2011 / 11:04AM
Kelsey,Kurtz,kelskurtz@yahoo.com,Tue Nov 8 2011 / 11:12AM
Amanda,Graves ,blaine.sandoval@hyatt.com,Tue Nov 8 2011 / 11:37AM
Cheryl,Triplett,cheryl.triplett@dfps.state.tx.us,Tue Nov 8 2011 / 11:49AM
Jennifer,Porter,jennygeis@sbcglobal.net,Tue Nov 8 2011 / 11:52AM
Diego,Rios,riosee1984@gmail.com,Tue Nov 8 2011 / 12:24PM
Dana ,Rogers,dana.rogers@centerpointenergy.com,Tue Nov 8 2011 / 12:27PM
Lupe,Rubio,rubiog001@yahoo.com,Tue Nov 8 2011 / 12:29PM
Tere,Lawyer,tere.lawyer@prosperitybanktx.com,Tue Nov 8 2011 / 12:36PM
Kate,Swail,kateswail@me.com,Tue Nov 8 2011 / 12:47PM
April,Mitchell,apr.mitch@live.com,Tue Nov 8 2011 / 01:00PM
Berto ,Rodriguez,bbrod8390@att.net,Tue Nov 8 2011 / 01:06PM
Berto ,Rodriguez,bbrod8390@att.net,Tue Nov 8 2011 / 01:07PM
Berto ,Rodriguez,bbrod8390@att.net,Tue Nov 8 2011 / 01:08PM
Richard,Holt,rholt@alvarezandmarsal.com,Tue Nov 8 2011 / 01:09PM
Richard,Holt,rholt@alvarezandmarsal.com,Tue Nov 8 2011 / 01:13PM
Richard,Holt,rholt@alvarezandmarsal.com,Tue Nov 8 2011 / 01:13PM
Gwen,Graham,gwengraham1014@att.net,Tue Nov 8 2011 / 01:17PM
Gwen,Graham,gwengraham1014@att.net,Tue Nov 8 2011 / 01:33PM
Berto,Rodriguez,bbrod8390@att.net,Tue Nov 8 2011 / 01:48PM
Eddie ,Hilliard,sessumhitting@yahoo.com,Tue Nov 8 2011 / 02:38PM
Martha,Munos,martha_munos@yahoo.com,Tue Nov 8 2011 / 02:50PM
Michelle,Johnson,michelle.y.johnson@morganstanley.com,Tue Nov 8 2011 / 03:14PM
Arshdeep,Singh, MD,arshsinghmd@gmail.com,Tue Nov 8 2011 / 03:17PM
Ashley,Freeman,ashley.freeman@turner.com,Tue Nov 8 2011 / 03:24PM
Krupa,Patel,krupavpatel6@gmail.com,Tue Nov 8 2011 / 03:30PM
Mary,Whittington,mary@tasteoftexas.com,Tue Nov 8 2011 / 03:32PM
Brian ,Vogel ,pelegoal@hotmail.com,Tue Nov 8 2011 / 04:40PM
KELLY,SANDERS,kellysanders5@yahoo.com,Tue Nov 8 2011 / 04:40PM
Susan,McKay,smkay@pflame.com,Tue Nov 8 2011 / 05:02PM
Michelle,Collins,michelle.collins@dyson.com,Tue Nov 8 2011 / 05:07PM
Adrian,Armstead,bmwdrirr@gmail.com,Tue Nov 8 2011 / 05:10PM
Kareen ,Aguinap,kareenbautista@yahoo.com,Tue Nov 8 2011 / 05:26PM
Nayelli,Ortiz,o_nayelli@yahoo.com,Tue Nov 8 2011 / 05:32PM
julius,cox,coxjulius@gmail.com,Tue Nov 8 2011 / 05:54PM
Karen,Payne,karenpayne26@comcast.net,Tue Nov 8 2011 / 06:01PM
Cecilia ,Devetski,cdevetski@earthlink.net,Tue Nov 8 2011 / 06:18PM
Susana,Garcia ,sug5346812@aol.com,Tue Nov 8 2011 / 07:19PM
Shawndell,Roberts,shawndell.roberts@ttu.edu,Tue Nov 8 2011 / 07:32PM
Jan,Mendenhall,jsm0408@att.net,Tue Nov 8 2011 / 08:11PM
Terry O.,Vilardo,tryotero@yahoo.com,Tue Nov 8 2011 / 10:54PM
jill,garcia,jillsgarcia@yahoo.com,Tue Nov 8 2011 / 11:31PM
mark,Anthony,n1@equinexus.org,Wed Nov 9 2011 / 02:41AM
mark,anthony,n1@equinxus.org,Wed Nov 9 2011 / 03:05AM
mark,anthony,n1@equinexus.org,Wed Nov 9 2011 / 03:09AM
mark,anthony,n5@equinexus.org,Wed Nov 9 2011 / 03:28AM
Mark,Anthony,n2@equinexus.org,Wed Nov 9 2011 / 03:45AM
mark,anthony,n5@equinexus.org,Wed Nov 9 2011 / 03:50AM
Mark,anthony,n2@equinoxes.org,Wed Nov 9 2011 / 04:21AM
Mark,anthony,n5@equinoxes.org,Wed Nov 9 2011 / 04:27AM
Olga,Stoyanova,osstoyanova@gmail.com,Wed Nov 9 2011 / 07:03AM
Elizabeth,Harrell,ejharrell@me.com,Wed Nov 9 2011 / 09:00AM
vyanei,beveridge,vyaneibeveridge@yahoo.com,Wed Nov 9 2011 / 09:11AM
Madylon,Admes,mmh2@ntrs.com,Wed Nov 9 2011 / 09:24AM
Anelu,Moreira,anelumoreira@gmail.com,Wed Nov 9 2011 / 09:29AM
Juanita,Sergent,Juanita.Sergent@elpaso.com,Wed Nov 9 2011 / 09:35AM
Thomas,Jenkins,deborah.forgue@ubs.com,Wed Nov 9 2011 / 10:11AM
Anabel,Sanders,anabel_e@yahoo.com,Wed Nov 9 2011 / 10:14AM
Sarah,Hengstenberg,s.henstenberg@hotmail.com,Wed Nov 9 2011 / 10:15AM
Nate,Jolliff,nate110509@gmail.com,Wed Nov 9 2011 / 10:34AM
Lauren,Coleman,lauren.coleman@gmail.com,Wed Nov 9 2011 / 10:53AM
Tomeka ,Stewart,tystewar@bcm.edu,Wed Nov 9 2011 / 12:08PM
Tomeka ,Stewart,tystewar@bcm.edu,Wed Nov 9 2011 / 12:15PM
Martha,Salas,bbletty15@yahoo.com,Wed Nov 9 2011 / 12:33PM
Laura,Haughn,jhaughn@gmail.com,Wed Nov 9 2011 / 12:38PM
Stephanie,Butcher,s.butche@gmail.com,Wed Nov 9 2011 / 12:47PM
LaShonda ,Roberts,mslashondaroberts@gmail.com,Wed Nov 9 2011 / 12:47PM
Julianne ,Huynh,julianne@vbcweb.org,Wed Nov 9 2011 / 12:48PM
Chelsea,Oldham,chelseaoldham@gmail.com,Wed Nov 9 2011 / 12:52PM
Timaka,Smith,tla3386@yahoo.com,Wed Nov 9 2011 / 12:56PM
Jennifer,Molleda,jennifer@mayohill.com,Wed Nov 9 2011 / 01:19PM
Sherri,Fox Sacks,sherri.sacks@crowncastle.com,Wed Nov 9 2011 / 01:19PM
Desha,Lockwood,deshalockwood@comcast.net,Wed Nov 9 2011 / 01:26PM
Raquel,Madrigal,raquel.madrigal-1@nasa.gov,Wed Nov 9 2011 / 01:34PM
Kim ,Kendall ,kkendall@sleh.com ,Wed Nov 9 2011 / 01:37PM
Stephanie,Afanassie,mirzalawoffice@aol.com,Wed Nov 9 2011 / 01:52PM
Mona,Ridgeway,monaridgeway@gmail.com,Wed Nov 9 2011 / 01:55PM
Gayla,Ament,gament@tmhs.org,Wed Nov 9 2011 / 02:01PM
Elsa,Odnnell,elsacarreker@gmail.com,Wed Nov 9 2011 / 02:09PM
Quynh,Ho,phodaddy11@yahoo.com,Wed Nov 9 2011 / 02:20PM
Sean,Fout,Hsappliancerepair@yahoo.com,Wed Nov 9 2011 / 02:25PM
Jill,Sullivan,jcsgymgirl@gmail.com,Wed Nov 9 2011 / 02:53PM
Martha ,Salas ,bbletty15@yahoo.com,Wed Nov 9 2011 / 03:00PM
Yvonne,Harris,ynharris@aol.com,Wed Nov 9 2011 / 03:15PM
Nicole,mehrabadi,nicole_mehrabadi@yahoo.com,Wed Nov 9 2011 / 03:20PM
Elizabeth ,Schwider,eschwider@me.com,Wed Nov 9 2011 / 03:34PM
Walt,Lovercheck,wlovercheck@gdlc.org,Wed Nov 9 2011 / 03:38PM
Harry ,Schakett,harry.schakett@halliburton.com,Wed Nov 9 2011 / 03:41PM
Ian,Botor,icbotor@gmail.com,Wed Nov 9 2011 / 04:26PM
Susie,Thang,susie.thang@gmail.com,Wed Nov 9 2011 / 05:00PM
Kurt,Bradley,kurtbradley@me.com,Wed Nov 9 2011 / 06:31PM
Calli,Saitowitz,callisaitowitz@aol.com,Wed Nov 9 2011 / 08:17PM
Lindsey,Frazier,Lindsey.Frazier@citi.com,Thu Nov 10 2011 / 09:16AM
Heidi,Munson,heidi.munson@oracle.com,Thu Nov 10 2011 / 09:25AM
Benita,Campbell,bcamp79@myway.com,Thu Nov 10 2011 / 09:26AM
Rebecca,Glazar,rebeccaglazar@yahoo.com,Thu Nov 10 2011 / 09:27AM
Rachelle,Agda,rachelle_agda@yahoo.com,Thu Nov 10 2011 / 10:10AM
David,Hudzietz,david@brucettes.com,Thu Nov 10 2011 / 10:17AM
Carmen,Hidrobo,carmenhdrb@gmail.com,Thu Nov 10 2011 / 10:29AM
Leslie,Alsup,lollietg@gmail.com,Thu Nov 10 2011 / 11:30AM
Marbelle,Frayre,marbellefrayre@hotmail.com,Thu Nov 10 2011 / 11:32AM
Amanda,Schalyo,aschalyo@apqc.org,Thu Nov 10 2011 / 12:30PM
Lynnita,Hailey,lynnita_hailey@yahoo.com,Thu Nov 10 2011 / 12:31PM
Grace,Linardi,gracianalinardi@gmail.com,Thu Nov 10 2011 / 12:46PM
Holly ,Easley ,hollyandwade@yahoo.com,Thu Nov 10 2011 / 01:06PM
Barbara,Hammonds,drhammonds@me.com,Thu Nov 10 2011 / 01:06PM
Alisa ,Porter,aeverts77@aol.com,Thu Nov 10 2011 / 01:23PM
Sarah,Daniel,sarahcdaniel@gmail.com,Thu Nov 10 2011 / 01:59PM
Abigail,Branch,abbeywbranch@gmail.com,Thu Nov 10 2011 / 02:12PM
Robin,Lowenkron,rlowenkron@gmail.com,Thu Nov 10 2011 / 02:15PM
Christina,Hasenleder,chasenleder@earthlink.net,Thu Nov 10 2011 / 02:20PM
Jose,Rodas,rodas-jose@sbcglobal.net,Thu Nov 10 2011 / 02:37PM
Robbie,Lowery,rblowrey@sbcglobal.net,Thu Nov 10 2011 / 02:54PM
Julie,Kiersh,juliekiersh@gmail.com,Thu Nov 10 2011 / 03:00PM
Joel,Griffin,joelgriffin@180medical.com,Thu Nov 10 2011 / 03:02PM
Marilyn,Grizzaffi,mtgrizzaffi@aol.com,Thu Nov 10 2011 / 03:05PM
Iris,Shaftel,irisgabriela@gmail.com,Thu Nov 10 2011 / 03:08PM
Dana,Antake-Horning,dhorning@acsflooring.com,Thu Nov 10 2011 / 03:14PM
Kyle,Cheung,kc4033@yahoo.com,Thu Nov 10 2011 / 03:23PM
Melanie,Pita,mpita@prognosishis.com,Thu Nov 10 2011 / 03:24PM
Sarah ,Ockwood,sockwood@gmail.com,Thu Nov 10 2011 / 03:47PM
Robyn,Bedell,robynbedell@sbcglobal.net,Thu Nov 10 2011 / 04:10PM
Alyssa,Perez,alymperez214@gmail.com,Thu Nov 10 2011 / 04:37PM
Yava,Scott,yavascott@aol.com,Thu Nov 10 2011 / 04:39PM
Rene,Wood,rcwhew@att.net,Thu Nov 10 2011 / 04:52PM
Johanna,Pinales,jpinales@yahoo.com,Thu Nov 10 2011 / 04:55PM
Tammy ,Fabella,magandanorma@hotmail.com,Thu Nov 10 2011 / 04:58PM
Marcelina,Ngumezi,diamond_03_us@yahoo.com,Thu Nov 10 2011 / 05:10PM
Linh,Tran,xlailiex@gmail.com,Thu Nov 10 2011 / 05:11PM
Ashley,Crider,ashley@dddrapery.com,Thu Nov 10 2011 / 05:12PM
Chastiny,Neal,chastiny.neal@ymail.com,Thu Nov 10 2011 / 05:31PM
Anini ,Abraham ,aabraham309@gmail.com,Thu Nov 10 2011 / 05:46PM
Caren,Steffes,cwsteffes@comcast.net,Thu Nov 10 2011 / 08:45PM
Wendi,Lincoln,wclincoln@gmail.com,Thu Nov 10 2011 / 09:16PM
Guadalupe,Toxqui,guadalupetoxqui@yahoo.com,Fri Nov 11 2011 / 12:31AM
Jeffery,Gibb,gibb98@yahoo.com,Fri Nov 11 2011 / 09:09AM
Megan,Lee,leem@uhd.edu,Fri Nov 11 2011 / 09:17AM
Teresa,Pahutka,tpahutka@yahoo.com,Fri Nov 11 2011 / 09:53AM
Susan,Baur,susanrbaur@gmail.com,Fri Nov 11 2011 / 10:18AM
Garret,Taylor ,munoz.susan87@yahoo.com,Fri Nov 11 2011 / 10:38AM
Dewayne,Nichols,Rachel.Nichols@hotmail.com,Fri Nov 11 2011 / 11:59AM
Joe,Hanbor,joehanbor@yahoo.com,Fri Nov 11 2011 / 12:15PM
Gabriela,Allende,gallende81@gmail.com,Fri Nov 11 2011 / 01:08PM
Suzanne ,Rose,suzannekrose1@gmail.com,Fri Nov 11 2011 / 01:20PM
Remon,Smith,remon.smith@yahoo.com,Fri Nov 11 2011 / 01:55PM
Hyacinth,Thomas,jazjtjia@yahoo.com,Fri Nov 11 2011 / 02:08PM
Silvia ,Burchman ,bruchman@sbcglobal.net,Fri Nov 11 2011 / 02:26PM
Sharon ,Brooks ,sbrooks@oceaneering.com,Fri Nov 11 2011 / 02:33PM
Fran,Deltoro,fran.deltoro@aeienergy.com,Fri Nov 11 2011 / 02:49PM
Alisa ,Porter,281-635-8760,Fri Nov 11 2011 / 02:57PM
Courtney,house,courtney_house@hotmail.com,Fri Nov 11 2011 / 03:06PM
Naureen,Alim,naureenalim@gmail.com,Fri Nov 11 2011 / 03:12PM
Chris,Tulio,christulio@gmail.com,Fri Nov 11 2011 / 03:27PM
Charlotte,Axelrad,chschai@aol.com,Fri Nov 11 2011 / 03:30PM
Judy,Smith,jsmith471954@att.net,Fri Nov 11 2011 / 03:50PM
Moira,Morris,moimorris1@sbcglobal.net,Fri Nov 11 2011 / 04:10PM
Debra,Young,debra.young@sug.com,Fri Nov 11 2011 / 04:19PM
Kristy,Kelly,kmkelley12@gmail.com,Fri Nov 11 2011 / 04:30PM
Erin,Charlton,echarlton@gmail.com,Fri Nov 11 2011 / 05:03PM
Laura,pinney,pinneyl@sbcglobal.net,Fri Nov 11 2011 / 06:41PM
Scott,Jennings,scott.jennings@gmail.com,Fri Nov 11 2011 / 07:34PM
Melynda,Dunn,melyndadunn@aol.com,Fri Nov 11 2011 / 07:38PM
Marianna,Leybovich,Mariannabl@hotmail.com,Sat Nov 12 2011 / 12:13AM
Marianne,Kah,marianne-kah@comcast.net,Sat Nov 12 2011 / 12:25AM
Lauren,Owens,lauren.a.owens@gmail.com,Sat Nov 12 2011 / 09:57AM
Audrey,Mendez,audreymendez2@yahoo.com,Sat Nov 12 2011 / 10:38AM
Misty,Finch,misty.finch@cfisd.net,Sat Nov 12 2011 / 04:09PM
Denise,Trevino,dtrevinomail@yahoo.com,Sat Nov 12 2011 / 04:39PM
William,Walton,wwalton3125@gmail.com,Sat Nov 12 2011 / 07:07PM
Elizabeth,Heilman,elizabethgheilman@me.com,Sat Nov 12 2011 / 07:13PM
Audrey ,Smith,acsmith@central.uh.edu,Sat Nov 12 2011 / 07:24PM
Christy,Lock,christy.lock@yahoo.com,Sat Nov 12 2011 / 07:38PM
Heidi,Russell,heidi@chuckrussell.com,Sat Nov 12 2011 / 07:41PM
Allison,Hanks,ahanks@primaryservices.com,Sun Nov 13 2011 / 12:45AM
Yvonne ,Harris,ynharris@aol.com,Sun Nov 13 2011 / 09:23AM
Elton,Lopez,eltonlopez108@yahoo.com,Sun Nov 13 2011 / 03:21PM
Arifa,Alshaibani,um_martha@yahoo.com,Sun Nov 13 2011 / 04:03PM
linda,smith,stelinsky@gmail.com,Sun Nov 13 2011 / 04:03PM
Eric,Vancleave,evancleave@sbcglobal.net,Sun Nov 13 2011 / 05:01PM
daniel,cook,daniel.cook@ril.com,Sun Nov 13 2011 / 05:42PM
Brooke,Spossey,brookealexa22@yahoo.com,Sun Nov 13 2011 / 06:17PM
robin,mallett,rmallett@utmb.edu,Sun Nov 13 2011 / 10:29PM
Dolores,Colocho,dolores.colocho@gmail.com,Sun Nov 13 2011 / 11:34PM
Suzanne,Holm,Suzyq8017@yahoo.com,Mon Nov 14 2011 / 03:21AM
Kenya,Jones,gauri@rachouston.com,Mon Nov 14 2011 / 09:53AM
Tracey,West,Traceynwest@gmail.com,Mon Nov 14 2011 / 10:00AM
alisa,brister,adavis989@comcast.net,Mon Nov 14 2011 / 10:34AM
Catherine,Campbell,ccampbell@yaffedeutser.com,Mon Nov 14 2011 / 11:03AM
Kacey,Lowery,kaceygrant@gmail.com,Mon Nov 14 2011 / 11:27AM
Linda,Harris,harrisl@srcx.com,Mon Nov 14 2011 / 11:50AM
Joan,Viani,bodasanchezviani@gmail.com,Mon Nov 14 2011 / 12:49PM
Ashley,Keliehor,ashley.keliehor@gmail.com,Mon Nov 14 2011 / 12:59PM
Jennifer,Bell ,jennifer.parker.bell@gmail.com,Mon Nov 14 2011 / 01:34PM
Lucile,Turpin,lucileturpin@gmail.com,Mon Nov 14 2011 / 02:01PM
Jane,Wagner,Janebwag@gmail.com,Mon Nov 14 2011 / 02:31PM
Ashley,White,awhite@apqc.org,Mon Nov 14 2011 / 02:51PM
Daphne,Mikel,daphne.d.mikel@exxonmobil.com,Mon Nov 14 2011 / 02:59PM
Candus,Hinderer,chinderer@axiaresources.com,Mon Nov 14 2011 / 03:12PM
Mary,Nichols,mary@shopmaeynichols.com,Mon Nov 14 2011 / 03:14PM
Andreea,Xavier,andreeaspx@gmail.com,Mon Nov 14 2011 / 03:15PM
Sharon,Pfeffer,sharonpfeffer@yahoo.com,Mon Nov 14 2011 / 03:19PM
Alyssa ,Tiras,atiras@comcast.net,Mon Nov 14 2011 / 03:24PM
Bryan,Hargis,bryanjhargis@gmail.com,Mon Nov 14 2011 / 03:51PM
Ayn ,Garza,agarza1@wm.com,Mon Nov 14 2011 / 03:51PM
Jennifer,Dinkins,J97Tiger@aol.com,Mon Nov 14 2011 / 03:51PM
Cris,Agustin,cpagustin@gmail.com,Mon Nov 14 2011 / 03:55PM
Angela ,Garcia ,angela.garica@deepwater.com,Mon Nov 14 2011 / 04:02PM
Taylor,Kingshill,tkingshill@deloitte.com,Mon Nov 14 2011 / 04:11PM
Sonia,Arguijo,sp_perez@yahoo.com,Mon Nov 14 2011 / 04:24PM
Terri,Lera,tlera@wycoffcrostruction.com,Mon Nov 14 2011 / 05:00PM
Elena,Davis ,elenad@att.blackberry.net,Mon Nov 14 2011 / 05:11PM
Elena,Davis,elenad@att.blackberry.net,Mon Nov 14 2011 / 05:14PM
Elena,Davis,elenad@att.blackberry.net,Mon Nov 14 2011 / 05:18PM
Lucina,Gonzalez,lucina.gonzalez@libertyiu.com,Mon Nov 14 2011 / 05:18PM
Amy,Bhakhri,amylmeyers@hotmail.com,Mon Nov 14 2011 / 05:27PM
Amy,Bhakhri,amylmeyers@hotmail.com,Mon Nov 14 2011 / 05:35PM
Shajuan ,Carter ,shajuan.carter@chevron.com,Mon Nov 14 2011 / 06:10PM
Lisanne,Chancey,lisanne_chancey@yahoo.com,Mon Nov 14 2011 / 06:30PM
Killian ,Gilbert-Smith,killiangs@me.com,Mon Nov 14 2011 / 07:46PM
Trenae,Adams,Trenae_adams13@yahoo.com,Mon Nov 14 2011 / 08:27PM
Rebecca,Briggs,rbriggstx@yahoo.com,Mon Nov 14 2011 / 08:49PM
Krystal,Clark,KrissyNR3@yahoo.com,Tue Nov 15 2011 / 12:19AM
Clarence,Williams,clarence.d.williams@gmail.com,Tue Nov 15 2011 / 08:02AM
Jacquelyn,Lyons,Jacquelyn1181@gmail.com,Tue Nov 15 2011 / 08:14AM
Charlotte,Orr,corr@orrinc.com,Tue Nov 15 2011 / 08:29AM
Ali,Khoja,aakhoja@yahoo.com,Tue Nov 15 2011 / 09:30AM
Bernadine,Maryland,bernadine.maryland@centerpointenergy.com,Tue Nov 15 2011 / 10:56AM
NATALIE,SCHORR ,NESWOOD@AOL.COM,Tue Nov 15 2011 / 11:26AM
Conalee,Rizzo-Masera,cmasera@aol.com,Tue Nov 15 2011 / 11:30AM
Veronica,Thomason,vthomason@naesb.org,Tue Nov 15 2011 / 11:40AM
Tasa,Mosley,tasa.mosley@apachecorp.com,Tue Nov 15 2011 / 11:51AM
Heather,Marburger,heather_marburger@yahoo.com,Tue Nov 15 2011 / 11:59AM
Valves ,Unlimited,janna@valvesunlimited.com,Tue Nov 15 2011 / 12:00PM
Sandra,Money,sandra.money@shell.com,Tue Nov 15 2011 / 12:21PM
CONNIE,CHREISTMON,CRCHRIESTMON@YAHOO.COM,Tue Nov 15 2011 / 12:48PM
Leslie,Frels,lesliefrels@yahoo.com,Tue Nov 15 2011 / 12:56PM
Amanda,Bender,amanda.bender@bp.com,Tue Nov 15 2011 / 01:20PM
Jacquelyn,Lyons,Jacquelyn1181@gmail.com,Tue Nov 15 2011 / 01:28PM
Nancy,Romagnoli,Dawn@ghiopto.net,Tue Nov 15 2011 / 01:58PM
Shirell,Calvin,shirell@maverickdrilling.com,Tue Nov 15 2011 / 01:59PM
David ,Tamez,dtamez@pixelhands.com,Tue Nov 15 2011 / 02:24PM
Anne Louise ,Conaway,bessiedoffermyre@gmail.com,Tue Nov 15 2011 / 02:34PM
Elsa,Garcia,elsaagarcia@yahoo.com,Tue Nov 15 2011 / 02:51PM
Kelli,Griffith,kelli@trenddevelopment.com,Tue Nov 15 2011 / 03:05PM
Pamela,Murray,pamela.murray@shell.com,Tue Nov 15 2011 / 03:06PM
Ruth,Rogers,ruth.rogers@c-a-m.com,Tue Nov 15 2011 / 03:18PM
liz,berglund,lizdziadik@gmail.com,Tue Nov 15 2011 / 03:19PM
Kim,Grebe,kgrebe@slb.com,Tue Nov 15 2011 / 04:09PM
Reagan,Brown,reagan.brown@directenergy.com,Tue Nov 15 2011 / 04:29PM
Erin,Johnson,erin.johnson@healthsouth.com,Tue Nov 15 2011 / 04:42PM
christy,kern,ckern@kern-search.com,Tue Nov 15 2011 / 04:57PM
Welden,Gipson jr,dgibson@trialdivison.com,Tue Nov 15 2011 / 05:09PM
Welden,Gibson jr,dgibson@trialdivison.com,Tue Nov 15 2011 / 05:11PM
Elsa,Sequbiense,aslegee@yahoo.com,Tue Nov 15 2011 / 05:14PM
Jessica,Wooten,jessica.wooten@gmail.com,Tue Nov 15 2011 / 05:22PM
Christy,Matlack,christymatlack@gmail.com,Tue Nov 15 2011 / 05:24PM
Sasha,Madison,teshndave@yahoo.com,Tue Nov 15 2011 / 05:27PM
Madeleine,Murr,madeleine_murr@hotmail.com,Tue Nov 15 2011 / 05:34PM
Laxman,Tathireddy,ltathireddy@deloitte.com,Tue Nov 15 2011 / 05:53PM
Sylvida ,Davis ,shaun_da@msn.com,Tue Nov 15 2011 / 06:28PM
Pat,Peters,pat.peters@bp.com,Tue Nov 15 2011 / 06:41PM
Crystal,Rathbun,crystal_rathbun@hotmail.com,Tue Nov 15 2011 / 07:30PM
Rockeal,Stewart,rockeal.stewart74@GMAIL.COM,Tue Nov 15 2011 / 08:49PM
Erika,Rivera,erikalauren_722@yahoo.com,Tue Nov 15 2011 / 10:18PM
julie,weatherly,julescouv@hotmail.com,Tue Nov 15 2011 / 11:59PM
Susan,Baur,susanrbaur@gmail.com,Wed Nov 16 2011 / 09:47AM
Tom,Sage,debbyhodges@andrewskurth.com,Wed Nov 16 2011 / 09:52AM
Rick,Garcia,rgarcia2296@gmail.com,Wed Nov 16 2011 / 10:27AM
Quyen,Hoang,dr_quinn2001@yahoo.com,Wed Nov 16 2011 / 10:28AM
Jennifer,Vance,jvance@akingump.com,Wed Nov 16 2011 / 10:48AM
Melita,Lowe,melita.e.lowe@exxonmobil.com,Wed Nov 16 2011 / 11:05AM
Brenda,Frazier,brenda.frazier@bakerbotts.com,Wed Nov 16 2011 / 11:20AM
Graham,Painter,graham.painter@sbcglobal.net,Wed Nov 16 2011 / 11:42AM
Ivonne,Summy,ivonne.summy@nov.com,Wed Nov 16 2011 / 11:46AM
Kacie,Ynfante,kacie.nyfante86@gmail.com,Wed Nov 16 2011 / 11:50AM
Mary,Duenas,maryduenas@hotmail.com,Wed Nov 16 2011 / 11:56AM
Elizabeth ,Elders,elizabeth@elder1.com,Wed Nov 16 2011 / 12:04PM
Jessica ,Miller ,ztokjd33@aol.com,Wed Nov 16 2011 / 12:07PM
Mary,Burroughs,mary@esepartners.com,Wed Nov 16 2011 / 12:26PM
Sarah,Trimm,sarahanntrimm@gmail.com,Wed Nov 16 2011 / 12:37PM
Erica,Villarreal,eplatium523@aol.com,Wed Nov 16 2011 / 01:01PM
Alison,Poore,amp0123@hotmail.com,Wed Nov 16 2011 / 01:08PM
Evan,Vargas,evanvargas@gmail.com,Wed Nov 16 2011 / 02:03PM
Dawn ,Monmouth,jaydyl@aol.com,Wed Nov 16 2011 / 02:22PM
Molly,Alonso,mollyalonso@gmail.com,Wed Nov 16 2011 / 02:31PM
Erica,Tucker,1etucker@comcast.net,Wed Nov 16 2011 / 02:41PM
Stacy,Tompkins,stacytompkins@hotmail.com,Wed Nov 16 2011 / 03:12PM
Sara,Holcombe,Sara.Holcombe@gmail.con,Wed Nov 16 2011 / 03:18PM
Tracy,Borel,tracylborel@gmail.com,Wed Nov 16 2011 / 03:26PM
Erin,Johnston,Ejjohnstonunv@gmail.com,Wed Nov 16 2011 / 03:41PM
Julie,White,juliegwhite@gmail.com,Wed Nov 16 2011 / 03:43PM
Noemi,Garza,noemigarza777@yahoo.com,Wed Nov 16 2011 / 03:55PM
Valerie,Krenov,lerkav@hotmail.com,Wed Nov 16 2011 / 04:00PM
Gary ,Gee,ggee@velaw.com,Wed Nov 16 2011 / 04:10PM
Doris,Nguyen,dorisnguyen@windstream.net,Wed Nov 16 2011 / 04:44PM
Elise,Reckling ,weckwing@aol.com,Wed Nov 16 2011 / 04:55PM
Pat,Stelly,pstelly@goarmstrong.com,Wed Nov 16 2011 / 05:04PM
Shaletra,Jordan,shaletraj@yahoo.com,Wed Nov 16 2011 / 05:07PM
Christian,Thompson,christianblairthompson@gmail.com,Wed Nov 16 2011 / 05:13PM
YoShownda,Southall,yn2heaven@yahoo.com,Wed Nov 16 2011 / 05:19PM
Elizabeth,Leos,e.leos@ssss.com,Wed Nov 16 2011 / 06:40PM
Susan,Boyert,susanc79@yahoo.com,Wed Nov 16 2011 / 07:32PM
David,Herrera,herrerafamilydad@gmail.com,Wed Nov 16 2011 / 08:25PM
Melissa,Cook,Mbusch4514@aol.com,Thu Nov 17 2011 / 12:50AM
Cheryl,Stazo,stazo_family@hotmail.com,Thu Nov 17 2011 / 09:08AM
Kymberley,Byrd,enyia03@hotmail.com,Thu Nov 17 2011 / 09:39AM
Robyn,Canterbury,robyncanterbury@me.com,Thu Nov 17 2011 / 10:29AM
Anita,Espinoza,anitaespinoza1@hotmail.com,Thu Nov 17 2011 / 10:35AM
Anna,Stroh,annakrubsack@gmail.com,Thu Nov 17 2011 / 10:50AM
Angela,Schwarzbach,Angelasbach@comcast.net,Thu Nov 17 2011 / 11:07AM
Ashley,Lopez,lopez_ashleyanne@yahoo.com,Thu Nov 17 2011 / 12:07PM
Brent,Patrick,bpatrick@customlh.com,Thu Nov 17 2011 / 12:12PM
Renee,Cummins,nana1434@gmail.com,Thu Nov 17 2011 / 12:27PM
Stefannie,Palazzo,stefanniepalazzo@me.com,Thu Nov 17 2011 / 12:35PM
Janet,Parker,jp2kickass@yahoo.com,Thu Nov 17 2011 / 12:56PM
Shelly,Bitzkie,sbitzkie@slb.com,Thu Nov 17 2011 / 01:08PM
Kenneth,Lawson,linatwinzco@suddenlinkmail.com,Thu Nov 17 2011 / 01:59PM
Michelle ,Davila,damila0220@hotmail.com,Thu Nov 17 2011 / 02:08PM
Ivonn ,Sanchez,ivcaru@hotmail.com,Thu Nov 17 2011 / 02:21PM
Gus,Luna,gluna@utilitytrailers.com,Thu Nov 17 2011 / 03:00PM
Heidi,Thomas,heidimthomas@hotmail.com,Thu Nov 17 2011 / 04:32PM
Sara,Downey,Saradowney@pdq.net,Thu Nov 17 2011 / 04:37PM
Sean ,Li ,seanli1990@hotmail.com,Thu Nov 17 2011 / 04:40PM
Chelsea ,Melton,Meltonnaomi@ymail.com,Thu Nov 17 2011 / 05:40PM
Courtney ,Torkelson,c_tork03@yahoo.com,Thu Nov 17 2011 / 05:43PM
DENISE,COGNATA,DGELL1@EARTHLINK.NET,Thu Nov 17 2011 / 05:44PM
Paula,Gelotti,pgelotti@gmail.com,Thu Nov 17 2011 / 05:52PM
Jessica,Broussard,jessbrou@yahoo.com,Thu Nov 17 2011 / 05:52PM
Ane,Mouton,anenyokamouton@gmail.com,Thu Nov 17 2011 / 05:55PM
TJ,James,tj.james@wellsfargo.com,Thu Nov 17 2011 / 05:56PM
Yvette,Carmona,yfcarmona@comcast.net,Thu Nov 17 2011 / 06:09PM
Navida,Estupinan,msnestupinan@yahoo.com,Thu Nov 17 2011 / 06:47PM
Michael,Pretyman ,michael.k.pretyman@gmail.com,Thu Nov 17 2011 / 06:56PM
Courtney,England ,jjppr@hotmail.com,Thu Nov 17 2011 / 07:28PM
Karen,Ristau,ristau2003@gmail.com,Thu Nov 17 2011 / 08:58PM
Zane,Bolen,zbolen@comcast.net,Thu Nov 17 2011 / 10:08PM
pamelia,ealy,pameliaealy@Yahoo.com,Thu Nov 17 2011 / 11:00PM
Randa,Kennon,randak2@yahoo.com,Fri Nov 18 2011 / 07:22AM
Kelly,Givens,krgivens@aol.com,Fri Nov 18 2011 / 08:49AM
John,Barcelo,john.barcelo@jvic.com,Fri Nov 18 2011 / 09:27AM
Cindy ,Blades ,cindyblades74@hotmail.com,Fri Nov 18 2011 / 09:28AM
Jamie ,Dickison,jamieldickison@gmail.com,Fri Nov 18 2011 / 09:42AM
Samantha ,Gobea,sgobea@ydklaw.com,Fri Nov 18 2011 / 09:53AM
Jacqueline,Lewis,Jacqueline421@aol.com,Fri Nov 18 2011 / 09:59AM
Walter ,Hall,waldofaldo73@gmail.com,Fri Nov 18 2011 / 10:12AM
Georgia,Wadman,quadmen@aol.com,Fri Nov 18 2011 / 10:29AM
Evis,Acevedo,eacevedo3@comcast.net,Fri Nov 18 2011 / 10:35AM
Le,Joseph,j.mykal@gmail.com,Fri Nov 18 2011 / 10:55AM
Sheila,Gurwitch,gurwitch@bcm.edu,Fri Nov 18 2011 / 10:57AM
Thuy ,Ngo,thuykimngo@yahoo.com,Fri Nov 18 2011 / 11:04AM
Tammy,Sanbower,tsanbower@gmail.com,Fri Nov 18 2011 / 11:56AM
Le,Joseph,j.mykal@gmail.com,Fri Nov 18 2011 / 12:05PM
Hee-Jin,Yim,heejinyim@gmail.com,Fri Nov 18 2011 / 12:07PM
Ike ,Rodriguez,irod926@gmail.com,Fri Nov 18 2011 / 12:28PM
Benjamin,Walker,benfwalker@gmail.com,Fri Nov 18 2011 / 12:34PM
Angela,Hernandez,angela@arhernandez.com,Fri Nov 18 2011 / 12:34PM
Teri,Nguyen,terinamson@gmail.com,Fri Nov 18 2011 / 12:38PM
Ashley ,Green,jdeleon1@houstonisd.org,Fri Nov 18 2011 / 12:39PM
Jennifer,Easterly ,newnose1@flash.net,Fri Nov 18 2011 / 12:43PM
Debbie,Straton,jlopez@kgriff.com,Fri Nov 18 2011 / 12:56PM
Kathleen,Querbach,kjlquerbach@sbcglobal.net,Fri Nov 18 2011 / 01:18PM
Lynn,Moore,lynnstengel@aol.com,Fri Nov 18 2011 / 02:03PM
JOHN,HIGGINS,jphboston@yahoo.com,Fri Nov 18 2011 / 02:33PM
Nisha,Meghani,Njmeghani@aol.com,Fri Nov 18 2011 / 03:24PM
Linda,Burkett,linda.burkett@apachecorp.com,Fri Nov 18 2011 / 03:34PM
Maya,Blackwill,blackwill41@gmail.com,Fri Nov 18 2011 / 03:51PM
Laurence,Laveissiere,llaveissiere18@hotmail.com,Fri Nov 18 2011 / 04:09PM
Elba ,Mendoza,tiapato5@yahoo.com,Fri Nov 18 2011 / 04:27PM
Charles,Church,juchurch@aol.com,Fri Nov 18 2011 / 04:28PM
The Ewing Group,Mel Smith (Melanie),mel@ewinggrouprealty.com,Fri Nov 18 2011 / 05:07PM
Syntel,Bellard,Syntelbellard85@yahoo.com,Fri Nov 18 2011 / 05:44PM
June,Neidell,nsneidell@sbcglobal.net,Fri Nov 18 2011 / 06:17PM
Beth,Black,beth.black43@gmail.com,Fri Nov 18 2011 / 06:49PM
Vanessa,Elmore,vanessa.elmore@att.net,Fri Nov 18 2011 / 11:40PM
Melanie,Smith,melanie0310@yahoo.com,Sat Nov 19 2011 / 11:14AM
Debbie,Chenevert,dchenevert24@yahoo.com,Sat Nov 19 2011 / 11:49AM
Debbie ,Straton,jlopez@kgriff.com,Sat Nov 19 2011 / 12:20PM
Julie,Herbrich,julie.herbrich@yahoo.com,Sat Nov 19 2011 / 12:33PM
Mary,Reddick,maryredjane@sbcglobal.net,Sat Nov 19 2011 / 02:09PM
Macy,Cassin,macassin@att.net,Sat Nov 19 2011 / 02:53PM
Shanitta ,Anderson,shani695@yahoo.com,Sat Nov 19 2011 / 03:25PM
Elva,Rodriguez,erod0307@sbcglobal.net,Sat Nov 19 2011 / 03:25PM
Joe,Torres,octfield11@yahoo.com,Sat Nov 19 2011 / 04:08PM
Denise,Carreon,danisecarreon@uams.com,Sat Nov 19 2011 / 05:00PM
Treanell,Scott,treanellscott@embarqmail.com,Sat Nov 19 2011 / 06:38PM
Alicia,Summers,alicia.b.summers@gmail.com,Sat Nov 19 2011 / 08:38PM
Kenneth,Tsai,Ktsai77@gmail.com,Sat Nov 19 2011 / 10:19PM
Tyrone,Nguyen,stieu@uh.edu,Sat Nov 19 2011 / 10:20PM
Janet,Drake,janetnjamaica@yahoo.com,Sun Nov 20 2011 / 10:16AM
Laila,Beverly,Laila.Beverly@gmail.com,Sun Nov 20 2011 / 11:20AM
Sho,Hor,showyshu@gmail.com,Sun Nov 20 2011 / 11:24AM
Carrie,Renard,c.ann.renard@gmail.com,Sun Nov 20 2011 / 11:31AM
risa,schimmel,rschimmel@msn.com,Sun Nov 20 2011 / 12:26PM
Gabriel,Geller,gabrielgeller@gmail.com,Sun Nov 20 2011 / 12:40PM
Debbie,Alexander,Derat_Alexander@SBCGlobal.net,Sun Nov 20 2011 / 01:43PM
Alana,Higginbotham,rene_am00@yahoo.com,Sun Nov 20 2011 / 01:56PM
John Paul,Garcia,jaypok3321@yahoo.com,Sun Nov 20 2011 / 02:05PM
Kailey ,Vruggink,kav1000@sbcglobal.net,Sun Nov 20 2011 / 04:23PM
sho,Hor,showyshu@gmail.com,Sun Nov 20 2011 / 04:27PM
Kristine,Woodard,kristine_lawgirl@yahoo.com,Sun Nov 20 2011 / 05:57PM
Terry,Soto,t.soto77@yahoo.com,Sun Nov 20 2011 / 07:40PM
Karla,Bogaard,kbogaard@mdanderson.org,Mon Nov 21 2011 / 09:06AM
Whitney,Gowan,whitgowan@sbcglobal.net,Mon Nov 21 2011 / 09:31AM
Diana,Rowland,dsrowland@sbcglobal.net,Mon Nov 21 2011 / 09:36AM
Stephanie,Bohorquez,smbohorquez@hotmail.com,Mon Nov 21 2011 / 09:51AM
Cynthia,Petrello,cynthia.petrello@remingtonmgmt.com,Mon Nov 21 2011 / 10:14AM
Sierra ,Gunn,sierra@myfitfoods.com,Mon Nov 21 2011 / 10:19AM
Sheila,Briscoe,sbriscoe6@comcast.net,Mon Nov 21 2011 / 10:29AM
Patricia,Perlick,velleriano@aol.com,Mon Nov 21 2011 / 10:39AM
Laurie,Khan,lkhan@ticketconnection.com,Mon Nov 21 2011 / 10:43AM
Nina,Rand,nina@ulcomm.com,Mon Nov 21 2011 / 10:47AM
Reginald ,Solomon,deonnabenton@yahoo.com,Mon Nov 21 2011 / 10:49AM
Esther,Cruz,velleriano@aol.com,Mon Nov 21 2011 / 10:58AM
Amy,Warmke,mvwilson@lockton.com,Mon Nov 21 2011 / 10:59AM
Jan,Douglass,jandouglass@consolidated.net,Mon Nov 21 2011 / 11:06AM
Dena,Williams,curtisdmw@aol.com,Mon Nov 21 2011 / 11:18AM
Donna,Alley,donnaalley1@hotmail.com,Mon Nov 21 2011 / 11:23AM
Vali,Medina,vmedina@kforce.com,Mon Nov 21 2011 / 11:41AM
Desiree,Willis,proresources@pdq.net,Mon Nov 21 2011 / 11:55AM
Barbara,Raines,blr@kw.com,Mon Nov 21 2011 / 12:07PM
Sachelle,Kelly,s.kelly@lwsurvey.com,Mon Nov 21 2011 / 12:22PM
Melissa,Ramirez,melissa.ramirez777@gmail.com,Mon Nov 21 2011 / 12:33PM
Kathy,Kline,kkline@houcareers.com,Mon Nov 21 2011 / 12:34PM
Lauren,Evenson,Lauren5891@yahoo.com,Mon Nov 21 2011 / 12:38PM
Jennifer,Vance,jvance@akingump.com,Mon Nov 21 2011 / 12:58PM
Ron,Messner,rmessner@gwii.com,Mon Nov 21 2011 / 01:02PM
Whitney,Garcia,whitneylp3@gmail.com,Mon Nov 21 2011 / 01:04PM
Brittany,Bradford,birttanybradford06@yahoo.com,Mon Nov 21 2011 / 01:07PM
Carol,Kirshon,bkirshon@pol.net,Mon Nov 21 2011 / 01:09PM
Susan,Whitt,twodgs@gmail.com,Mon Nov 21 2011 / 01:27PM
Connie,Bean ,cbean@hdbdlaw.com,Mon Nov 21 2011 / 01:27PM
Aimee,Langley,amieelangley@hotmail.com,Mon Nov 21 2011 / 01:41PM
John,Austin,srfinancialllc@gmail.com,Mon Nov 21 2011 / 01:45PM
Bernie,Armstrong,bmarmstrong@att.com,Mon Nov 21 2011 / 01:46PM
John,Austin,srfinancialllc@gmail.com,Mon Nov 21 2011 / 01:47PM
Ina,Perlman,iperlman@marthaturner.com,Mon Nov 21 2011 / 02:01PM
Rachel,Cooke,racheljcooke@yahoo.com,Mon Nov 21 2011 / 02:14PM
Suzanne,Dildy,suzannedildy@msn.com,Mon Nov 21 2011 / 02:40PM
Shannon ,Bandel,bandel.shannon@bcg.com,Mon Nov 21 2011 / 02:56PM
Callie ,Sinois ,callie.sinois@mac.com,Mon Nov 21 2011 / 03:14PM
Susan,Bleier,ssbwb@aol.com,Mon Nov 21 2011 / 03:15PM
Francesca,Francois,832.687.2393,Mon Nov 21 2011 / 03:23PM
Cindy,Lerner,ce.lerner@yahoo.com,Mon Nov 21 2011 / 03:26PM
Ann,Ronn,ann@afpgroup.com,Mon Nov 21 2011 / 03:37PM
Tamara,Parnell,tamarajoi@hotmail.com,Mon Nov 21 2011 / 04:10PM
dana,cashman,danacasho56@netscape.net,Mon Nov 21 2011 / 04:17PM
Mae ,Garciarena,maecirce@yahoo.com,Mon Nov 21 2011 / 04:22PM
Reecie,Lopiccolo,reecie.lopiccolo@champ-tech.com,Mon Nov 21 2011 / 04:30PM
Jay ,Bailey,jaibailey@chevron.com,Mon Nov 21 2011 / 04:56PM
Veronica,Garza,vagarza@mdanderson.org,Mon Nov 21 2011 / 05:10PM
Jan ,Weiderhold,jan_w_10@yahoo.com,Mon Nov 21 2011 / 05:23PM
Linda,Marvin,linda.marvin@marvinconsulting.com,Mon Nov 21 2011 / 05:35PM
Judy,Bonadonna,jrb444@gmail.com,Mon Nov 21 2011 / 06:09PM
kim,reid,ksr1857@aol.com,Mon Nov 21 2011 / 06:23PM
Rafael ,Lugo,rafaellugomd@mac.com,Mon Nov 21 2011 / 06:27PM
Steven ,Knott,steven.knott@chron.com,Mon Nov 21 2011 / 06:54PM
Valerie,Trasatti,valerie.trasatti@gmail.com,Mon Nov 21 2011 / 09:00PM
Shaun,Spiro,alarshaun@yahoo.com,Mon Nov 21 2011 / 09:43PM
Montse,Mendez,mendez.montserrat@gmail.com,Tue Nov 22 2011 / 04:41AM
Dwayne,Briscoe,dwayne@bookkeeping-results.com,Tue Nov 22 2011 / 09:20AM
Karla,Leal,k0928ale@yahoo.com,Tue Nov 22 2011 / 10:06AM
Monica,Denmon,monica_denmon@hotmail.com,Tue Nov 22 2011 / 10:13AM
Pearline,Richards,pearline.d.brown@exxonmobil.com,Tue Nov 22 2011 / 10:16AM
Ashley,Wright,ashley.ann.wright@gmail.com,Tue Nov 22 2011 / 11:12AM
Kate,Feldman,katefeldman@aol.com,Tue Nov 22 2011 / 11:14AM
Sarah,Nguyen,tsnlove003@yahoo.com,Tue Nov 22 2011 / 11:23AM
Sue,Sere,ssere@lonestarlegal.org,Tue Nov 22 2011 / 12:14PM
al,garcia,garcia.rico37@yahoo.com,Tue Nov 22 2011 / 12:16PM
Linda,Stall,lls2800@hotmail.com,Tue Nov 22 2011 / 12:39PM
Andree,Smith,asmith@ursacorp.com,Tue Nov 22 2011 / 12:43PM
NASHAT,Latib,nlatib@gmail.com,Tue Nov 22 2011 / 12:48PM
Janelle,Daniel,jodaniel@sbcglobal.net,Tue Nov 22 2011 / 12:53PM
DeDe ,Goodlow,dede.goodlow@academymortgage.com,Tue Nov 22 2011 / 01:22PM
Candace ,Leibe,cleibe@houseloan.com,Tue Nov 22 2011 / 02:03PM
Bridget,McCAuley,bridget.mccauley@sbcglobal.net,Tue Nov 22 2011 / 02:14PM
Angela,Bathe,frangtx@aol.com,Tue Nov 22 2011 / 02:28PM
Teri,Smith,terisgarden@gmail.com,Tue Nov 22 2011 / 03:12PM
Susan,Lair,slair34581@aol.com,Tue Nov 22 2011 / 03:17PM
Carmen,Barthoomew,barthommewca@msn.com,Tue Nov 22 2011 / 03:19PM
Rose,Gallery,rosegalleryflorist@msn.com,Tue Nov 22 2011 / 03:28PM
Ericka,Lehrmann,erickalehrmann@yahoo.com,Tue Nov 22 2011 / 03:37PM
Xavier,Balleza,xavier_balleza!hotmail.com,Tue Nov 22 2011 / 04:39PM
Michele,Klutts,mkultts@aol.com,Tue Nov 22 2011 / 04:44PM
Sylvia,Romero,sylvia.romero02@att.net,Tue Nov 22 2011 / 04:57PM
Patrick,Villarreal,pariscol8@sbcglobal.net,Tue Nov 22 2011 / 04:58PM
Laura ,Buller ,lbehler@menchmarkmanagement.com,Tue Nov 22 2011 / 05:02PM
Amy ,Devadanam,psmcdowell4@att.net,Tue Nov 22 2011 / 05:03PM
Aaron ,Green,aarongreen77@gmail.com,Tue Nov 22 2011 / 05:11PM
Andrena,Rivera,alarevir@aol.com,Tue Nov 22 2011 / 06:08PM
Constanza ,Hogos,congo_hogos@yahoo.com,Tue Nov 22 2011 / 06:11PM
Myron,Aftergut,mdaftergut@yahoo.com,Wed Nov 23 2011 / 10:04AM
Heather,Khassian,heatherkhassian@gmail.com,Wed Nov 23 2011 / 10:04AM
HEATHER,NORBECK,HEATHER.NORBECK@TRANSWESTERN.NET,Wed Nov 23 2011 / 10:30AM
Alisa,Porter,aeverts77@aol.com,Wed Nov 23 2011 / 10:54AM
Mary,Fulco,marrfed@sbcglobal.net,Wed Nov 23 2011 / 12:38PM
Ruby,Gonzalez,rurujg@gmail.com,Wed Nov 23 2011 / 01:53PM
Cecilia,Harris,cdeq1@sbcglobal.net,Wed Nov 23 2011 / 03:07PM
Craig,Taylor,wt87759@gmail.com,Wed Nov 23 2011 / 04:04PM
Marie,Jones,mariejones@jonesoilinc.com,Wed Nov 23 2011 / 04:24PM
Wendy,Barnhart,wendy.barnhart@att.net,Wed Nov 23 2011 / 04:29PM
Elizabeth,Garibay,sweetelizabeth02@gmail.com,Wed Nov 23 2011 / 05:37PM
Shannon,Richardson,alisa_110@yahoo.com,Wed Nov 23 2011 / 05:59PM
Peggy,Lentz,shereekaye@yahoo.com,Thu Nov 24 2011 / 01:19PM
Azra,Rauf,azrarauf@earthlink.net,Fri Nov 25 2011 / 10:07AM
Isabel,Betanour,icbg2083@hotmail.com,Fri Nov 25 2011 / 01:01PM
Paula,Polk,pspolk@aurorapower.com,Fri Nov 25 2011 / 02:25PM
Deedie,Root,deedie.root@us.pwc.com,Fri Nov 25 2011 / 03:50PM
Julie,Haviland,juliehaviland@yahoo.com,Fri Nov 25 2011 / 04:05PM
Mary,Cates,mcates13@sbcglobal.net,Fri Nov 25 2011 / 05:11PM
gus,oppermann,koppermann@sbcglobal.net,Fri Nov 25 2011 / 06:28PM
Kachi,Nwazojie,cccharacter@gmail.com,Fri Nov 25 2011 / 07:57PM
Tara,Dunn,pollysci@gmail.com,Fri Nov 25 2011 / 10:25PM
Tippy,Spratt,tpspratt@gmail.com,Fri Nov 25 2011 / 11:41PM
Theo,Savvidis,theo@savvisolutions.com,Sat Nov 26 2011 / 11:32AM
Norma,Lazcano,nlanda20934@yahoo.com,Sat Nov 26 2011 / 02:09PM
Hien,Vo,joann7882@yahoo.com,Sat Nov 26 2011 / 03:48PM
Dai,Chu,dai.chu@jmsonline.net,Sat Nov 26 2011 / 04:36PM
Stewart,Presnall,stwt10@yahoo.com,Sat Nov 26 2011 / 04:57PM
Daniel,Millerhouse,dmillerhouse@friedkinav.com,Sat Nov 26 2011 / 05:22PM
Uchenna,Emenaha,miss_emenaha@hotmail.com,Sat Nov 26 2011 / 07:48PM
Karen ,Rose,krosel@rosemachine.com,Sat Nov 26 2011 / 07:56PM
Erin,Erwin,erinperwin@entouch.net,Sat Nov 26 2011 / 08:53PM
Vika,Pertova,viorica_pertova@yahoo.com,Sun Nov 27 2011 / 11:47AM
Juan,Castillo,jcastilloblue@gmail.com,Sun Nov 27 2011 / 12:07PM
Micheal,Bernell,mbernell@gmail.com,Sun Nov 27 2011 / 12:35PM
Lefkothea,Karaviti,epkaravi@texaschildrens.org,Sun Nov 27 2011 / 04:27PM
Gwen,Carrington,gcarrington@chevron.com,Mon Nov 28 2011 / 10:13AM
Kimberly,Urias,kimberly.a.urias@exxonmobil.com,Mon Nov 28 2011 / 10:23AM
Gabby ,Orengo,gabbyorengo@yahoo.com,Mon Nov 28 2011 / 11:14AM
Barbara,Power,bobbie.power@bp.com,Mon Nov 28 2011 / 11:28AM
Barbara,Harvey,propbabs@aol.com,Mon Nov 28 2011 / 11:38AM
Jane,Shoppell,jshopl@sbcglobal.net,Mon Nov 28 2011 / 11:52AM
Barbara,Harvey,propbabs@aol.com,Mon Nov 28 2011 / 12:07PM
Sophia,Gomez,sophia.gomez@centerpointenegry.com,Mon Nov 28 2011 / 02:42PM
Sue,Huynh,suehuynh2@gmail.com,Mon Nov 28 2011 / 03:03PM
Jasime,Watkins,jazzy.styles@yahoo.com,Mon Nov 28 2011 / 03:14PM
Teresa,Aguilar,taguilar65@gmail.com,Mon Nov 28 2011 / 03:22PM
Donna,Newton,donnanewton7@yahoo.com,Mon Nov 28 2011 / 03:32PM
Denise,Cartwright,dencart@aol.com,Mon Nov 28 2011 / 03:36PM
Christie ,Mileur,christie.s.keil@ut.tmc.edu,Mon Nov 28 2011 / 03:41PM
Christina,Ibrahim,christina.ibrahim@halliburton.com,Mon Nov 28 2011 / 03:52PM
Rachel ,Schnider,rachel@ppghouston.com,Mon Nov 28 2011 / 04:29PM
Jennifer ,Knupp,jenknupp@gmail.com,Mon Nov 28 2011 / 04:30PM
Akilah ,Leblanc,akilah.leblanc@shell.com,Mon Nov 28 2011 / 04:58PM
Tania,St Amand,bebegyrl143@hotmail.com,Mon Nov 28 2011 / 08:11PM
Sharon,Early,sharon.early@wal-mart.com,Mon Nov 28 2011 / 09:49PM
Dale,Peters,D.peters@egnsi.com,Mon Nov 28 2011 / 11:02PM
Connie,Taranow,cbtaranow@aol.com,Tue Nov 29 2011 / 02:53AM
Libbie,Richard,libbie.d.richard@exxonmobil.com,Tue Nov 29 2011 / 10:47AM
Victoria,Diermeier,VGuy@MartronCorp.com,Tue Nov 29 2011 / 10:59AM
Emily,Harbison,emilyharbison@gmail.com,Tue Nov 29 2011 / 11:00AM
Jeri ,McClellan,jeri.mcclellan@lyondellbasell.com,Tue Nov 29 2011 / 11:02AM
Yasmine,Estes,yazmeen_blue@yahoo.com,Tue Nov 29 2011 / 11:16AM
Rachel ,Weissenstein,rweissenstein@sjs.org,Tue Nov 29 2011 / 11:19AM
Lynda,Hartman,lynhart5@hotmail.com,Tue Nov 29 2011 / 11:19AM
Eva,Gasea,evagasea@aol.com,Tue Nov 29 2011 / 11:20AM
Karen,Smith,kyouldsmith@msn.com,Tue Nov 29 2011 / 11:41AM
Erika,Debato,edebato@yahoo.com,Tue Nov 29 2011 / 11:52AM
Victoria,Pickett,victoria@brandextract.com,Tue Nov 29 2011 / 11:55AM
Carol,Williamson,carol.williamson@eqdepot.com,Tue Nov 29 2011 / 12:00PM
Samantha,Kitterman,skitterman@amspecllc.com,Tue Nov 29 2011 / 12:14PM
Kris,Mira,mirakr@sbcglobal.net,Tue Nov 29 2011 / 12:27PM
Wendy,Rico,wendela923@gmail.com,Tue Nov 29 2011 / 01:25PM
Laura,Otterson,laurajean1970@yahoo.com,Tue Nov 29 2011 / 01:43PM
Precious,Thomas,preciousthomas@hotmail.com,Tue Nov 29 2011 / 02:05PM
Sara,Barnett ,sara@sarabarnettcpa.com,Tue Nov 29 2011 / 02:13PM
Madhavi,Reddy,madhavi2@earthlink.net,Tue Nov 29 2011 / 02:24PM
Kelly,Ressler,kelly.ressler@shell.com,Tue Nov 29 2011 / 02:42PM
Kerry,Lalonde,kerrylalonde@yahoo.com,Tue Nov 29 2011 / 03:42PM
Lakiya,Blaze,lblaze@plus4cu.org,Tue Nov 29 2011 / 04:12PM
Martha ,Dismuke,rudy.t.dismuke@comcast.net,Tue Nov 29 2011 / 05:04PM
Leslie,Rivas,leslierivas@aol.com,Tue Nov 29 2011 / 05:15PM
Lynette,Cutrer,houston.pwat@gmail.com,Tue Nov 29 2011 / 05:31PM
Andrea,Hain,akh@anlngservices.com,Tue Nov 29 2011 / 05:59PM
Sarah,Langlois,sarahannclaire@hotmail.com,Tue Nov 29 2011 / 06:05PM
Bobby,Tang,bobbytang01@gmail.com,Tue Nov 29 2011 / 06:11PM
Dominique,Avila,ohhmyydice@yahoo.com,Tue Nov 29 2011 / 07:28PM
Jessica ,Wood ,jessicafwood@yahoo.com,Tue Nov 29 2011 / 07:47PM
Leslie ,Rivas,leslieyrivas@aol.com,Tue Nov 29 2011 / 07:52PM
Jessica ,Wood,jessicafwood@yahoo.com,Tue Nov 29 2011 / 07:54PM
ELIZABETH,ZAMORA,ann8328@aol.com,Tue Nov 29 2011 / 08:10PM
Jan,Mendenhall,jsm0408@att.net,Tue Nov 29 2011 / 09:18PM
Becky,Huber,bhuber9@comcast.net,Wed Nov 30 2011 / 08:49AM
Barbra,Smith,barbranuttsmith@yahoo.com,Wed Nov 30 2011 / 09:05AM
Michele,Mays,michele_mays@yahoo.com,Wed Nov 30 2011 / 09:40AM
Drew,Cleaver,drew.cleaver@bakerhughes.com,Wed Nov 30 2011 / 09:54AM
Deborah ,Robinson,debbie.robinson@kinkaid.org,Wed Nov 30 2011 / 10:16AM
Wanda,Pounders,wanda.pounders@amegybank.com,Wed Nov 30 2011 / 10:17AM
Kendra,Taylor,kendra.taylor@c-a-m.com,Wed Nov 30 2011 / 10:32AM
Leslie,Gegen,leslie.gegen@exxonmobil.com,Wed Nov 30 2011 / 10:35AM
Mary,Hamby,eaglegal17@aol.com,Wed Nov 30 2011 / 10:36AM
Jennifer,Wallis,jennalphen@yahoo.com,Wed Nov 30 2011 / 10:42AM
Susan,Whitfield,trecywhit@att.net,Wed Nov 30 2011 / 10:57AM
Sarah,Mcanelly ,shmcanelly@gmail.com,Wed Nov 30 2011 / 11:10AM
April,Smith,missapril82@yahoo.com,Wed Nov 30 2011 / 11:40AM
Michael ,Carter,jmcarter1975@gmail.com,Wed Nov 30 2011 / 11:55AM
Tina ,Schaible,tschaible@mac.com,Wed Nov 30 2011 / 12:07PM
Dan,Calstra,dan@dancalstra.com,Wed Nov 30 2011 / 12:55PM
Jennifer,Nelson,jennifer.330@gmail.com,Wed Nov 30 2011 / 01:04PM
Deann,Brown,deann@searscrawford.com,Wed Nov 30 2011 / 01:07PM
Marty,Harrell,mharrell@covhs.org,Wed Nov 30 2011 / 02:32PM
Ben,Proler,ben.proler@sbcglobal.net,Wed Nov 30 2011 / 02:59PM
cheryl,perryman,cheryl.perryman@intertek.com,Wed Nov 30 2011 / 03:18PM
Mary,Ghoubrial,maryghoubrialod@gmail.com,Wed Nov 30 2011 / 03:37PM
Tatiana,Stanek,tatiana.stanek@gmail.com,Wed Nov 30 2011 / 03:40PM
Laura,Haynes,Laura_Haynes@ml.com,Wed Nov 30 2011 / 04:04PM
Leslie,Richard,leslie.richards@yahoo.com,Wed Nov 30 2011 / 04:11PM
Betty,Bower,bettebowers@sbcglobal.net,Wed Nov 30 2011 / 04:56PM
kYLE,Louvar,kyle.louvar@ml.com,Wed Nov 30 2011 / 05:18PM
Denise,Dorris,dorris@entouch.net,Wed Nov 30 2011 / 05:34PM
Jennifer,Higgins,jennymhiggins@yahoo.com,Wed Nov 30 2011 / 05:39PM
sandra,hawkns,sankydee@aol.com,Wed Nov 30 2011 / 06:03PM
MaryPat,Baringer,mbaringer@velaw.com,Wed Nov 30 2011 / 06:17PM
Jasmine,Calvin,jasminec1990@yahoo.com,Wed Nov 30 2011 / 06:20PM
Kristen,Greene,kgreene0518@aol.com,Wed Nov 30 2011 / 06:38PM
Denise,Nichols,dnichols9843@yahoo.com,Wed Nov 30 2011 / 06:41PM
Elizabeth,Stanton,estanton@deloitte.com,Wed Nov 30 2011 / 06:48PM
Carol,Bernard,cbernard@firstam.com,Wed Nov 30 2011 / 07:03PM
Angela,Madeksho,Amadeksho@yahoo.com,Wed Nov 30 2011 / 09:26PM
Linda,Hoffman,lfhoffman@sbcglobal.net,Wed Nov 30 2011 / 09:58PM
Bridget,Rougeau,rougeau4@aol.com,Thu Dec 1 2011 / 09:12AM
Michelle,Moji,msmoji@gmail.com,Thu Dec 1 2011 / 09:25AM
John,Norman,mnorman@ipfccorp.com,Thu Dec 1 2011 / 09:38AM
Steven,Cormier,steven.cormier@aol.com,Thu Dec 1 2011 / 10:05AM
Marifi,Rago,fijrago@hotmail.com,Thu Dec 1 2011 / 10:30AM
Kathy,Dodgen,kathy.dodgen@enipetroleum.com,Thu Dec 1 2011 / 11:15AM
Heather ,Gardner,hbeagardner@gmail.com,Thu Dec 1 2011 / 11:38AM
Viviana,Barreiro,barreiro_viviana@yahoo.com,Thu Dec 1 2011 / 12:34PM
Milena,Rucker,mrucker@mdd.com,Thu Dec 1 2011 / 02:08PM
Martha,Dethrow,mdethrow@comcast.net,Thu Dec 1 2011 / 02:15PM
Colleen,Gaido,kcgaido@gmail.com,Thu Dec 1 2011 / 02:16PM
Taneisha,Furr,T.L.Furr@hotmail.com,Thu Dec 1 2011 / 02:31PM
Courtney,Domercq,cdomercq@hotmail.com,Thu Dec 1 2011 / 02:34PM
Gayla ,Ament,gament@tmsh.org,Thu Dec 1 2011 / 02:44PM
Carolina,Tono,pungitono@me.com,Thu Dec 1 2011 / 02:48PM
Crista,Adams,cmra_houston1@comcast.net,Thu Dec 1 2011 / 02:52PM
Gail,Pannell,gail.pannell@bhpbilliton.com,Thu Dec 1 2011 / 03:03PM
MARTINE ,WILLIAMS,MARTINE.WILLIAMS@CGGVERITAS.COM,Thu Dec 1 2011 / 03:09PM
Gayla ,Ament,gament@tmhs.org,Thu Dec 1 2011 / 03:12PM
Bonnie,Simmons,bonnie.simmons@yahoo.com,Thu Dec 1 2011 / 03:16PM
Gayla,Ament,gament@tmhs.org,Thu Dec 1 2011 / 03:17PM
Brooke ,Wilkes,bwilkes@lascoenterprises.com,Thu Dec 1 2011 / 03:27PM
Crystal,Rideau,clrideau@aol.com,Thu Dec 1 2011 / 03:28PM
Lara,Tate,tatefamily6@att.net,Thu Dec 1 2011 / 03:51PM
Michelle Reed,Radiation Oncology, Main Bldg.,mareed@mdanderson.org,Thu Dec 1 2011 / 04:02PM
Greg,Mccabe,gregmccabe1@hotmail.com,Thu Dec 1 2011 / 04:23PM
Barbra,Keeling ,bkeeling@slb.com,Thu Dec 1 2011 / 04:31PM
Marje,Jacobe,mwjacobe@aol.com,Thu Dec 1 2011 / 04:40PM
Matthew ,vest,matthew.vest@academy.cc,Thu Dec 1 2011 / 05:03PM
Geni,Gonsoulin,genigonsoulin@aol.com,Thu Dec 1 2011 / 05:15PM
Walter,Barillas,walterbarillas@gmail.com,Thu Dec 1 2011 / 05:21PM
Caroline,McLean,caz@castle-mclean.com,Thu Dec 1 2011 / 05:29PM
Leslie,Rivas,leslieyrivas@aol.com,Thu Dec 1 2011 / 05:30PM
Divya,Chandrasekhar,divya_chandrasekhar@yahoo.com,Thu Dec 1 2011 / 05:49PM
Joyce,Ogbebor,jogbebor@yahoo.com,Thu Dec 1 2011 / 06:04PM
Norman,Nelson ,norman.nelson@yahoo.com,Thu Dec 1 2011 / 08:14PM
